id,elevation,read_date,fake_date,year,datum_adj
27001900,812.17,4/1/1931,4/1/2000,1931,NGVD 29
27001900,811.91,5/2/1931,5/2/2000,1931,NGVD 29
27001900,811.95,5/7/1931,5/7/2000,1931,NGVD 29
27001900,812.03,5/11/1931,5/11/2000,1931,NGVD 29
27001900,812.07,5/14/1931,5/14/2000,1931,NGVD 29
27001900,812.18,5/18/1931,5/18/2000,1931,NGVD 29
27001900,812.15,5/21/1931,5/21/2000,1931,NGVD 29
27001900,812.12,5/25/1931,5/25/2000,1931,NGVD 29
27001900,812.25,5/28/1931,5/28/2000,1931,NGVD 29
27001900,812.25,6/1/1931,6/1/2000,1931,NGVD 29
27001900,812.36,6/4/1931,6/4/2000,1931,NGVD 29
27001900,812.39,6/8/1931,6/8/2000,1931,NGVD 29
27001900,812.45,6/11/1931,6/11/2000,1931,NGVD 29
27001900,812.66,6/15/1931,6/15/2000,1931,NGVD 29
27001900,812.66,6/22/1931,6/22/2000,1931,NGVD 29
27001900,812.5,6/29/1931,6/29/2000,1931,NGVD 29
27001900,812.27,7/6/1931,7/6/2000,1931,NGVD 29
27001900,812.05,7/13/1931,7/13/2000,1931,NGVD 29
27001900,811.86,7/20/1931,7/20/2000,1931,NGVD 29
27001900,811.63,7/27/1931,7/27/2000,1931,NGVD 29
27001900,811.44,8/4/1931,8/4/2000,1931,NGVD 29
27001900,811.37,8/10/1931,8/10/2000,1931,NGVD 29
27001900,811.29,8/17/1931,8/17/2000,1931,NGVD 29
27001900,811.14,8/31/1931,8/31/2000,1931,NGVD 29
27001900,811.02,9/8/1931,9/8/2000,1931,NGVD 29
27001900,810.89,9/14/1931,9/14/2000,1931,NGVD 29
27001900,810.92,9/28/1931,9/28/2000,1931,NGVD 29
27001900,810.93,10/5/1931,10/5/2000,1931,NGVD 29
27001900,810.81,10/12/1931,10/12/2000,1931,NGVD 29
27001900,810.71,11/4/1931,11/4/2000,1931,NGVD 29
27001900,810.82,11/20/1931,11/20/2000,1931,NGVD 29
27001900,811.6,4/11/1932,4/11/2000,1932,NGVD 29
27001900,811.43,6/21/1932,6/21/2000,1932,NGVD 29
27001900,811.06,7/1/1932,7/1/2000,1932,NGVD 29
27001900,809.67,11/1/1932,11/1/2000,1932,NGVD 29
27001900,809.9,12/7/1932,12/7/2000,1932,NGVD 29
27001900,809.91,1/16/1933,1/16/2000,1933,NGVD 29
27001900,810.41,1/31/1933,1/31/2000,1933,NGVD 29
27001900,811,2/14/1933,2/14/2000,1933,NGVD 29
27001900,811.61,2/28/1933,2/28/2000,1933,NGVD 29
27001900,812.33,3/14/1933,3/14/2000,1933,NGVD 29
27001900,812.89,3/28/1933,3/28/2000,1933,NGVD 29
27001900,813.83,4/11/1933,4/11/2000,1933,NGVD 29
27001900,814.09,4/25/1933,4/25/2000,1933,NGVD 29
27001900,814.57,5/1/1933,5/1/2000,1933,NGVD 29
27001900,814.87,6/2/1933,6/2/2000,1933,NGVD 29
27001900,813.04,8/8/1933,8/8/2000,1933,NGVD 29
27001900,812.3,9/1/1933,9/1/2000,1933,NGVD 29
27001900,811.85,10/3/1933,10/3/2000,1933,NGVD 29
27001900,811.55,11/3/1933,11/3/2000,1933,NGVD 29
27001900,811.4,11/14/1933,11/14/2000,1933,NGVD 29
27001900,810.97,2/8/1934,2/8/2000,1934,NGVD 29
27001900,811.48,2/26/1934,2/26/2000,1934,NGVD 29
27001900,811.94,3/11/1934,3/11/2000,1934,NGVD 29
27001900,813.14,4/2/1934,4/2/2000,1934,NGVD 29
27001900,814.29,4/16/1934,4/16/2000,1934,NGVD 29
27001900,814.89,4/30/1934,4/30/2000,1934,NGVD 29
27001900,813.78,6/4/1934,6/4/2000,1934,NGVD 29
27001900,813.84,6/8/1934,6/8/2000,1934,NGVD 29
27001900,813.05,7/2/1934,7/2/2000,1934,NGVD 29
27001900,812.34,8/1/1934,8/1/2000,1934,NGVD 29
27001900,811.67,9/4/1934,9/4/2000,1934,NGVD 29
27001900,811.58,10/1/1934,10/1/2000,1934,NGVD 29
27001900,811.91,10/22/1934,10/22/2000,1934,NGVD 29
27001900,811.84,11/1/1934,11/1/2000,1934,NGVD 29
27001900,811.85,12/1/1934,12/1/2000,1934,NGVD 29
27001900,812.07,3/4/1935,3/4/2000,1935,NGVD 29
27001900,812.63,3/18/1935,3/18/2000,1935,NGVD 29
27001900,813.06,4/1/1935,4/1/2000,1935,NGVD 29
27001900,813.52,4/17/1935,4/17/2000,1935,NGVD 29
27001900,814.24,4/30/1935,4/30/2000,1935,NGVD 29
27001900,814.93,5/13/1935,5/13/2000,1935,NGVD 29
27001900,814.58,6/3/1935,6/3/2000,1935,NGVD 29
27001900,814.91,7/13/1935,7/13/2000,1935,NGVD 29
27001900,814.2,8/5/1935,8/5/2000,1935,NGVD 29
27001900,813.6,8/31/1935,8/31/2000,1935,NGVD 29
27001900,813.08,10/1/1935,10/1/2000,1935,NGVD 29
27001900,813.01,11/2/1935,11/2/2000,1935,NGVD 29
27001900,812.88,12/2/1935,12/2/2000,1935,NGVD 29
27001900,812.59,2/1/1936,2/1/2000,1936,NGVD 29
27001900,815.5,3/31/1936,3/31/2000,1936,NGVD 29
27001900,815.04,5/1/1936,5/1/2000,1936,NGVD 29
27001900,814.56,6/5/1936,6/5/2000,1936,NGVD 29
27001900,814.04,7/1/1936,7/1/2000,1936,NGVD 29
27001900,813.72,7/11/1936,7/11/2000,1936,NGVD 29
27001900,812.97,8/1/1936,8/1/2000,1936,NGVD 29
27001900,812.53,9/1/1936,9/1/2000,1936,NGVD 29
27001900,811.73,10/1/1936,10/1/2000,1936,NGVD 29
27001900,811.3,11/2/1936,11/2/2000,1936,NGVD 29
27001900,811.1,12/14/1936,12/14/2000,1936,NGVD 29
27001900,811.43,4/1/1937,4/1/2000,1937,NGVD 29
27001900,812.17,5/3/1937,5/3/2000,1937,NGVD 29
27001900,813.71,6/1/1937,6/1/2000,1937,NGVD 29
27001900,813.27,8/2/1937,8/2/2000,1937,NGVD 29
27001900,812.54,9/2/1937,9/2/2000,1937,NGVD 29
27001900,811.2,12/3/1937,12/3/2000,1937,NGVD 29
27001900,810.86,2/15/1938,2/15/2000,1938,NGVD 29
27001900,811.84,3/29/1938,3/29/2000,1938,NGVD 29
27001900,815,5/31/1938,5/31/2000,1938,NGVD 29
27001900,814.5,7/1/1938,7/1/2000,1938,NGVD 29
27001900,814.02,8/1/1938,8/1/2000,1938,NGVD 29
27001900,813.95,10/4/1938,10/4/2000,1938,NGVD 29
27001900,813.41,12/4/1939,12/4/2000,1939,NGVD 29
27001900,813.82,4/5/1940,4/5/2000,1940,NGVD 29
27001900,813.99,10/3/1940,10/3/2000,1940,NGVD 29
27001900,814.23,12/4/1940,12/4/2000,1940,NGVD 29
27001900,816.26,4/7/1941,4/7/2000,1941,NGVD 29
27001900,814.9,11/18/1941,11/18/2000,1941,NGVD 29
27001900,814.85,3/30/1942,3/30/2000,1942,NGVD 29
27001900,815,11/18/1942,11/18/2000,1942,NGVD 29
27001900,815.1,3/15/1943,3/15/2000,1943,NGVD 29
27001900,815.13,4/16/1943,4/16/2000,1943,NGVD 29
27001900,815,5/13/1943,5/13/2000,1943,NGVD 29
27001900,815.08,5/20/1943,5/20/2000,1943,NGVD 29
27001900,815.08,5/21/1943,5/21/2000,1943,NGVD 29
27001900,815.15,6/1/1943,6/1/2000,1943,NGVD 29
27001900,815,6/4/1943,6/4/2000,1943,NGVD 29
27001900,815.7,6/15/1943,6/15/2000,1943,NGVD 29
27001900,815.46,6/16/1943,6/16/2000,1943,NGVD 29
27001900,815.16,6/18/1943,6/18/2000,1943,NGVD 29
27001900,815.08,6/21/1943,6/21/2000,1943,NGVD 29
27001900,815,6/24/1943,6/24/2000,1943,NGVD 29
27001900,814.98,6/30/1943,6/30/2000,1943,NGVD 29
27001900,815.04,7/6/1943,7/6/2000,1943,NGVD 29
27001900,815,7/13/1943,7/13/2000,1943,NGVD 29
27001900,815,7/15/1943,7/15/2000,1943,NGVD 29
27001900,815.02,7/28/1943,7/28/2000,1943,NGVD 29
27001900,815,8/2/1943,8/2/2000,1943,NGVD 29
27001900,815,9/1/1943,9/1/2000,1943,NGVD 29
27001900,814.8,10/1/1943,10/1/2000,1943,NGVD 29
27001900,815.05,11/22/1943,11/22/2000,1943,NGVD 29
27001900,815,4/6/1944,4/6/2000,1944,NGVD 29
27001900,815,4/17/1944,4/17/2000,1944,NGVD 29
27001900,815.2,5/1/1944,5/1/2000,1944,NGVD 29
27001900,815.5,6/2/1944,6/2/2000,1944,NGVD 29
27001900,815.6,7/3/1944,7/3/2000,1944,NGVD 29
27001900,815,8/2/1944,8/2/2000,1944,NGVD 29
27001900,815.1,9/1/1944,9/1/2000,1944,NGVD 29
27001900,815,10/2/1944,10/2/2000,1944,NGVD 29
27001900,815.1,11/28/1944,11/28/2000,1944,NGVD 29
27001900,815.15,3/28/1945,3/28/2000,1945,NGVD 29
27001900,815.05,4/2/1945,4/2/2000,1945,NGVD 29
27001900,815.1,5/2/1945,5/2/2000,1945,NGVD 29
27001900,815.1,6/1/1945,6/1/2000,1945,NGVD 29
27001900,815,7/2/1945,7/2/2000,1945,NGVD 29
27001900,815.1,8/1/1945,8/1/2000,1945,NGVD 29
27001900,815,9/3/1945,9/3/2000,1945,NGVD 29
27001900,814.6,10/1/1945,10/1/2000,1945,NGVD 29
27001900,814.05,11/7/1945,11/7/2000,1945,NGVD 29
27001900,814.09,11/9/1945,11/9/2000,1945,NGVD 29
27001900,814.05,3/15/1946,3/15/2000,1946,NGVD 29
27001900,815.02,3/28/1946,3/28/2000,1946,NGVD 29
27001900,815,4/1/1946,4/1/2000,1946,NGVD 29
27001900,814.8,5/6/1946,5/6/2000,1946,NGVD 29
27001900,815,6/3/1946,6/3/2000,1946,NGVD 29
27001900,815,7/1/1946,7/1/2000,1946,NGVD 29
27001900,814.5,8/2/1946,8/2/2000,1946,NGVD 29
27001900,813.8,9/3/1946,9/3/2000,1946,NGVD 29
27001900,814.5,10/7/1946,10/7/2000,1946,NGVD 29
27001900,814.9,11/4/1946,11/4/2000,1946,NGVD 29
27001900,815.06,11/29/1946,11/29/2000,1946,NGVD 29
27001900,815,4/14/1947,4/14/2000,1947,NGVD 29
27001900,815,4/16/1947,4/16/2000,1947,NGVD 29
27001900,815.05,5/5/1947,5/5/2000,1947,NGVD 29
27001900,815,6/2/1947,6/2/2000,1947,NGVD 29
27001900,815,7/7/1947,7/7/2000,1947,NGVD 29
27001900,814.6,8/4/1947,8/4/2000,1947,NGVD 29
27001900,814.3,9/2/1947,9/2/2000,1947,NGVD 29
27001900,813.5,10/20/1947,10/20/2000,1947,NGVD 29
27001900,813.5,11/3/1947,11/3/2000,1947,NGVD 29
27001900,813.64,11/17/1947,11/17/2000,1947,NGVD 29
27001900,814.24,4/7/1948,4/7/2000,1948,NGVD 29
27001900,814.2,7/12/1948,7/12/2000,1948,NGVD 29
27001900,813.9,7/26/1948,7/26/2000,1948,NGVD 29
27001900,813.9,8/11/1948,8/11/2000,1948,NGVD 29
27001900,812.8,10/21/1948,10/21/2000,1948,NGVD 29
27001900,813.05,11/22/1948,11/22/2000,1948,NGVD 29
27001900,813.7,3/25/1949,3/25/2000,1949,NGVD 29
27001900,814.33,4/1/1949,4/1/2000,1949,NGVD 29
27001900,815,4/21/1949,4/21/2000,1949,NGVD 29
27001900,815,4/27/1949,4/27/2000,1949,NGVD 29
27001900,814.4,5/30/1949,5/30/2000,1949,NGVD 29
27001900,814.3,6/20/1949,6/20/2000,1949,NGVD 29
27001900,814.1,7/1/1949,7/1/2000,1949,NGVD 29
27001900,814,7/5/1949,7/5/2000,1949,NGVD 29
27001900,814.15,7/27/1949,7/27/2000,1949,NGVD 29
27001900,813.95,8/16/1949,8/16/2000,1949,NGVD 29
27001900,812.81,12/2/1949,12/2/2000,1949,NGVD 29
27001900,815.09,4/11/1950,4/11/2000,1950,NGVD 29
27001900,815,5/8/1950,5/8/2000,1950,NGVD 29
27001900,815,5/25/1950,5/25/2000,1950,NGVD 29
27001900,814.05,7/11/1950,7/11/2000,1950,NGVD 29
27001900,813.3,8/23/1950,8/23/2000,1950,NGVD 29
27001900,812.84,10/17/1950,10/17/2000,1950,NGVD 29
27001900,814.73,5/2/1951,5/2/2000,1951,NGVD 29
27001900,815,7/10/1951,7/10/2000,1951,NGVD 29
27001900,815.12,7/27/1951,7/27/2000,1951,NGVD 29
27001900,816.25,9/12/1951,9/12/2000,1951,NGVD 29
27001900,815.44,9/24/1951,9/24/2000,1951,NGVD 29
27001900,815.29,10/11/1951,10/11/2000,1951,NGVD 29
27001900,815.12,11/7/1951,11/7/2000,1951,NGVD 29
27001900,815.5,4/14/1952,4/14/2000,1952,NGVD 29
27001900,815.22,4/16/1952,4/16/2000,1952,NGVD 29
27001900,816.08,4/24/1952,4/24/2000,1952,NGVD 29
27001900,815.85,4/29/1952,4/29/2000,1952,NGVD 29
27001900,815.13,5/7/1952,5/7/2000,1952,NGVD 29
27001900,815.54,5/15/1952,5/15/2000,1952,NGVD 29
27001900,815.24,5/19/1952,5/19/2000,1952,NGVD 29
27001900,815.17,6/16/1952,6/16/2000,1952,NGVD 29
27001900,815.17,6/27/1952,6/27/2000,1952,NGVD 29
27001900,815.08,7/22/1952,7/22/2000,1952,NGVD 29
27001900,815.01,8/15/1952,8/15/2000,1952,NGVD 29
27001900,814.58,9/22/1952,9/22/2000,1952,NGVD 29
27001900,814.58,9/25/1952,9/25/2000,1952,NGVD 29
27001900,814.13,10/22/1952,10/22/2000,1952,NGVD 29
27001900,815.76,3/24/1953,3/24/2000,1953,NGVD 29
27001900,815.25,4/6/1953,4/6/2000,1953,NGVD 29
27001900,814.55,5/22/1953,5/22/2000,1953,NGVD 29
27001900,815.58,6/22/1953,6/22/2000,1953,NGVD 29
27001900,815.97,6/25/1953,6/25/2000,1953,NGVD 29
27001900,816.63,6/29/1953,6/29/2000,1953,NGVD 29
27001900,816.08,7/6/1953,7/6/2000,1953,NGVD 29
27001900,815.75,7/8/1953,7/8/2000,1953,NGVD 29
27001900,815.45,7/13/1953,7/13/2000,1953,NGVD 29
27001900,815.36,7/20/1953,7/20/2000,1953,NGVD 29
27001900,815.67,8/3/1953,8/3/2000,1953,NGVD 29
27001900,814.75,9/22/1953,9/22/2000,1953,NGVD 29
27001900,814.45,10/8/1953,10/8/2000,1953,NGVD 29
27001900,814.08,11/5/1953,11/5/2000,1953,NGVD 29
27001900,814.04,11/24/1953,11/24/2000,1953,NGVD 29
27001900,814.78,4/20/1954,4/20/2000,1954,NGVD 29
27001900,815.1,4/30/1954,4/30/2000,1954,NGVD 29
27001900,815.02,5/18/1954,5/18/2000,1954,NGVD 29
27001900,815,5/24/1954,5/24/2000,1954,NGVD 29
27001900,815.2,6/21/1954,6/21/2000,1954,NGVD 29
27001900,814.6,7/26/1954,7/26/2000,1954,NGVD 29
27001900,814.42,8/25/1954,8/25/2000,1954,NGVD 29
27001900,814.6,9/9/1954,9/9/2000,1954,NGVD 29
27001900,814.29,11/16/1954,11/16/2000,1954,NGVD 29
27001900,814.33,11/19/1954,11/19/2000,1954,NGVD 29
27001900,814.65,4/11/1955,4/11/2000,1955,NGVD 29
27001900,815.08,4/27/1955,4/27/2000,1955,NGVD 29
27001900,814.65,5/17/1955,5/17/2000,1955,NGVD 29
27001900,814.38,6/1/1955,6/1/2000,1955,NGVD 29
27001900,813.96,7/5/1955,7/5/2000,1955,NGVD 29
27001900,815.2,7/8/1955,7/8/2000,1955,NGVD 29
27001900,814.46,8/15/1955,8/15/2000,1955,NGVD 29
27001900,814.29,9/1/1955,9/1/2000,1955,NGVD 29
27001900,813.84,9/21/1955,9/21/2000,1955,NGVD 29
27001900,813.5,10/27/1955,10/27/2000,1955,NGVD 29
27001900,813.56,4/4/1956,4/4/2000,1956,NGVD 29
27001900,813.34,5/29/1956,5/29/2000,1956,NGVD 29
27001900,813.27,6/7/1956,6/7/2000,1956,NGVD 29
27001900,813.17,6/14/1956,6/14/2000,1956,NGVD 29
27001900,813.43,6/15/1956,6/15/2000,1956,NGVD 29
27001900,814.17,6/18/1956,6/18/2000,1956,NGVD 29
27001900,814.83,6/26/1956,6/26/2000,1956,NGVD 29
27001900,814.88,7/20/1956,7/20/2000,1956,NGVD 29
27001900,815.9,8/3/1956,8/3/2000,1956,NGVD 29
27001900,814.84,8/30/1956,8/30/2000,1956,NGVD 29
27001900,814.41,9/20/1956,9/20/2000,1956,NGVD 29
27001900,814.19,10/15/1956,10/15/2000,1956,NGVD 29
27001900,813.98,11/19/1956,11/19/2000,1956,NGVD 29
27001900,813.5,1/22/1957,1/22/2000,1957,NGVD 29
27001900,813.49,1/28/1957,1/28/2000,1957,NGVD 29
27001900,813.42,2/4/1957,2/4/2000,1957,NGVD 29
27001900,813.43,2/11/1957,2/11/2000,1957,NGVD 29
27001900,813.35,2/18/1957,2/18/2000,1957,NGVD 29
27001900,813.34,2/25/1957,2/25/2000,1957,NGVD 29
27001900,813.32,3/4/1957,3/4/2000,1957,NGVD 29
27001900,813.26,3/11/1957,3/11/2000,1957,NGVD 29
27001900,814.1,3/18/1957,3/18/2000,1957,NGVD 29
27001900,814.06,3/25/1957,3/25/2000,1957,NGVD 29
27001900,814.05,4/1/1957,4/1/2000,1957,NGVD 29
27001900,814.1,4/8/1957,4/8/2000,1957,NGVD 29
27001900,813.92,5/9/1957,5/9/2000,1957,NGVD 29
27001900,814.75,5/27/1957,5/27/2000,1957,NGVD 29
27001900,815.27,6/24/1957,6/24/2000,1957,NGVD 29
27001900,815.34,7/1/1957,7/1/2000,1957,NGVD 29
27001900,815.67,7/3/1957,7/3/2000,1957,NGVD 29
27001900,815.44,7/11/1957,7/11/2000,1957,NGVD 29
27001900,815.34,7/25/1957,7/25/2000,1957,NGVD 29
27001900,815.62,8/1/1957,8/1/2000,1957,NGVD 29
27001900,815.24,9/20/1957,9/20/2000,1957,NGVD 29
27001900,814.78,11/1/1957,11/1/2000,1957,NGVD 29
27001900,814.75,11/27/1957,11/27/2000,1957,NGVD 29
27001900,813.86,4/2/1958,4/2/2000,1958,NGVD 29
27001900,815.43,4/8/1958,4/8/2000,1958,NGVD 29
27001900,815.37,4/22/1958,4/22/2000,1958,NGVD 29
27001900,814.9,6/11/1958,6/11/2000,1958,NGVD 29
27001900,814.4,7/1/1958,7/1/2000,1958,NGVD 29
27001900,814.42,7/9/1958,7/9/2000,1958,NGVD 29
27001900,815.2,8/5/1958,8/5/2000,1958,NGVD 29
27001900,814.7,8/19/1958,8/19/2000,1958,NGVD 29
27001900,814.42,9/2/1958,9/2/2000,1958,NGVD 29
27001900,813.88,10/1/1958,10/1/2000,1958,NGVD 29
27001900,813.57,11/17/1958,11/17/2000,1958,NGVD 29
27001900,812.78,2/26/1959,2/26/2000,1959,NGVD 29
27001900,812.42,4/1/1959,4/1/2000,1959,NGVD 29
27001900,812.18,4/22/1959,4/22/2000,1959,NGVD 29
27001900,812.84,5/6/1959,5/6/2000,1959,NGVD 29
27001900,813.27,6/1/1959,6/1/2000,1959,NGVD 29
27001900,814.66,7/9/1959,7/9/2000,1959,NGVD 29
27001900,814.82,7/10/1959,7/10/2000,1959,NGVD 29
27001900,814.94,7/13/1959,7/13/2000,1959,NGVD 29
27001900,814.44,7/28/1959,7/28/2000,1959,NGVD 29
27001900,814.35,8/3/1959,8/3/2000,1959,NGVD 29
27001900,814.4,8/6/1959,8/6/2000,1959,NGVD 29
27001900,814.55,8/20/1959,8/20/2000,1959,NGVD 29
27001900,814.86,8/24/1959,8/24/2000,1959,NGVD 29
27001900,814.96,8/26/1959,8/26/2000,1959,NGVD 29
27001900,815.02,8/31/1959,8/31/2000,1959,NGVD 29
27001900,814.7,10/2/1959,10/2/2000,1959,NGVD 29
27001900,814.75,10/26/1959,10/26/2000,1959,NGVD 29
27001900,814.5,11/12/1959,11/12/2000,1959,NGVD 29
27001900,814.17,12/28/1959,12/28/2000,1959,NGVD 29
27001900,813.79,2/3/1960,2/3/2000,1960,NGVD 29
27001900,813.54,3/3/1960,3/3/2000,1960,NGVD 29
27001900,813.45,3/17/1960,3/17/2000,1960,NGVD 29
27001900,813.62,3/25/1960,3/25/2000,1960,NGVD 29
27001900,814.9,4/27/1960,4/27/2000,1960,NGVD 29
27001900,815.25,5/20/1960,5/20/2000,1960,NGVD 29
27001900,815.85,5/21/1960,5/21/2000,1960,NGVD 29
27001900,815.95,5/23/1960,5/23/2000,1960,NGVD 29
27001900,813.91,11/15/1960,11/15/2000,1960,NGVD 29
27001900,813.57,1/5/1961,1/5/2000,1961,NGVD 29
27001900,813.4,1/19/1961,1/19/2000,1961,NGVD 29
27001900,813.27,2/2/1961,2/2/2000,1961,NGVD 29
27001900,813.23,2/9/1961,2/9/2000,1961,NGVD 29
27001900,815.42,5/18/1961,5/18/2000,1961,NGVD 29
27001900,815.31,5/31/1961,5/31/2000,1961,NGVD 29
27001900,815.25,6/19/1961,6/19/2000,1961,NGVD 29
27001900,814.62,8/11/1961,8/11/2000,1961,NGVD 29
27001900,814.4,9/21/1961,9/21/2000,1961,NGVD 29
27001900,814.29,10/26/1961,10/26/2000,1961,NGVD 29
27001900,814.52,3/23/1962,3/23/2000,1962,NGVD 29
27001900,815.5,4/16/1962,4/16/2000,1962,NGVD 29
27001900,815.75,4/23/1962,4/23/2000,1962,NGVD 29
27001900,816.4,5/14/1962,5/14/2000,1962,NGVD 29
27001900,816.45,5/21/1962,5/21/2000,1962,NGVD 29
27001900,816.7,5/24/1962,5/24/2000,1962,NGVD 29
27001900,816.74,5/29/1962,5/29/2000,1962,NGVD 29
27001900,816.65,5/31/1962,5/31/2000,1962,NGVD 29
27001900,816.55,6/4/1962,6/4/2000,1962,NGVD 29
27001900,816.28,6/11/1962,6/11/2000,1962,NGVD 29
27001900,815.58,6/18/1962,6/18/2000,1962,NGVD 29
27001900,815.07,6/25/1962,6/25/2000,1962,NGVD 29
27001900,815.58,7/2/1962,7/2/2000,1962,NGVD 29
27001900,815.79,7/9/1962,7/9/2000,1962,NGVD 29
27001900,815.42,7/16/1962,7/16/2000,1962,NGVD 29
27001900,815.02,7/30/1962,7/30/2000,1962,NGVD 29
27001900,815.9,8/6/1962,8/6/2000,1962,NGVD 29
27001900,815.9,8/13/1962,8/13/2000,1962,NGVD 29
27001900,815.95,8/20/1962,8/20/2000,1962,NGVD 29
27001900,815.99,8/27/1962,8/27/2000,1962,NGVD 29
27001900,816,9/4/1962,9/4/2000,1962,NGVD 29
27001900,816,9/10/1962,9/10/2000,1962,NGVD 29
27001900,816.05,9/17/1962,9/17/2000,1962,NGVD 29
27001900,815.77,9/24/1962,9/24/2000,1962,NGVD 29
27001900,815.6,10/1/1962,10/1/2000,1962,NGVD 29
27001900,815.72,10/8/1962,10/8/2000,1962,NGVD 29
27001900,815.5,10/15/1962,10/15/2000,1962,NGVD 29
27001900,815,10/22/1962,10/22/2000,1962,NGVD 29
27001900,814.92,10/29/1962,10/29/2000,1962,NGVD 29
27001900,814.8,11/5/1962,11/5/2000,1962,NGVD 29
27001900,814.72,11/13/1962,11/13/2000,1962,NGVD 29
27001900,814.59,11/19/1962,11/19/2000,1962,NGVD 29
27001900,814.58,11/26/1962,11/26/2000,1962,NGVD 29
27001900,814.5,4/19/1963,4/19/2000,1963,NGVD 29
27001900,816.25,5/20/1963,5/20/2000,1963,NGVD 29
27001900,815.1,6/3/1963,6/3/2000,1963,NGVD 29
27001900,816,6/10/1963,6/10/2000,1963,NGVD 29
27001900,816.06,6/11/1963,6/11/2000,1963,NGVD 29
27001900,815.27,6/19/1963,6/19/2000,1963,NGVD 29
27001900,814.88,7/1/1963,7/1/2000,1963,NGVD 29
27001900,814.62,7/29/1963,7/29/2000,1963,NGVD 29
27001900,814.78,8/5/1963,8/5/2000,1963,NGVD 29
27001900,814.45,8/21/1963,8/21/2000,1963,NGVD 29
27001900,814.8,9/17/1963,9/17/2000,1963,NGVD 29
27001900,814.28,10/21/1963,10/21/2000,1963,NGVD 29
27001900,814.06,10/28/1963,10/28/2000,1963,NGVD 29
27001900,813.9,11/6/1963,11/6/2000,1963,NGVD 29
27001900,812.63,3/20/1964,3/20/2000,1964,NGVD 29
27001900,812.58,4/6/1964,4/6/2000,1964,NGVD 29
27001900,813.6,5/7/1964,5/7/2000,1964,NGVD 29
27001900,813.65,5/8/1964,5/8/2000,1964,NGVD 29
27001900,814.32,5/11/1964,5/11/2000,1964,NGVD 29
27001900,814.58,5/12/1964,5/12/2000,1964,NGVD 29
27001900,814.72,5/13/1964,5/13/2000,1964,NGVD 29
27001900,814.86,5/18/1964,5/18/2000,1964,NGVD 29
27001900,814.42,6/23/1964,6/23/2000,1964,NGVD 29
27001900,814.25,10/29/1964,10/29/2000,1964,NGVD 29
27001900,814.04,11/12/1964,11/12/2000,1964,NGVD 29
27001900,813.36,1/12/1965,1/12/2000,1965,NGVD 29
27001900,814.3,4/7/1965,4/7/2000,1965,NGVD 29
27001900,816.7,4/12/1965,4/12/2000,1965,NGVD 29
27001900,815.83,4/19/1965,4/19/2000,1965,NGVD 29
27001900,816.06,4/23/1965,4/23/2000,1965,NGVD 29
27001900,817.05,5/10/1965,5/10/2000,1965,NGVD 29
27001900,817.12,5/13/1965,5/13/2000,1965,NGVD 29
27001900,817.17,5/17/1965,5/17/2000,1965,NGVD 29
27001900,817.08,5/25/1965,5/25/2000,1965,NGVD 29
27001900,817.75,6/1/1965,6/1/2000,1965,NGVD 29
27001900,817.28,6/3/1965,6/3/2000,1965,NGVD 29
27001900,815.3,7/7/1965,7/7/2000,1965,NGVD 29
27001900,815.4,7/13/1965,7/13/2000,1965,NGVD 29
27001900,815.15,8/3/1965,8/3/2000,1965,NGVD 29
27001900,815.3,9/30/1965,9/30/2000,1965,NGVD 29
27001900,815,11/18/1965,11/18/2000,1965,NGVD 29
27001900,815.34,3/15/1966,3/15/2000,1966,NGVD 29
27001900,814.33,7/5/1966,7/5/2000,1966,NGVD 29
27001900,813.89,8/26/1966,8/26/2000,1966,NGVD 29
27001900,813.01,11/15/1966,11/15/2000,1966,NGVD 29
27001900,815.2,6/7/1967,6/7/2000,1967,NGVD 29
27001900,816,6/26/1967,6/26/2000,1967,NGVD 29
27001900,813.96,11/21/1967,11/21/2000,1967,NGVD 29
27001900,813.43,1/9/1968,1/9/2000,1968,NGVD 29
27001900,813.58,3/20/1968,3/20/2000,1968,NGVD 29
27001900,813.7,4/3/1968,4/3/2000,1968,NGVD 29
27001900,814.14,4/23/1968,4/23/2000,1968,NGVD 29
27001900,814.5,5/7/1968,5/7/2000,1968,NGVD 29
27001900,814.8,6/10/1968,6/10/2000,1968,NGVD 29
27001900,814.86,6/11/1968,6/11/2000,1968,NGVD 29
27001900,815.26,6/14/1968,6/14/2000,1968,NGVD 29
27001900,815.08,6/17/1968,6/17/2000,1968,NGVD 29
27001900,815.06,6/19/1968,6/19/2000,1968,NGVD 29
27001900,815.26,6/21/1968,6/21/2000,1968,NGVD 29
27001900,815.08,6/24/1968,6/24/2000,1968,NGVD 29
27001900,815.14,6/26/1968,6/26/2000,1968,NGVD 29
27001900,815.12,6/28/1968,6/28/2000,1968,NGVD 29
27001900,815,7/1/1968,7/1/2000,1968,NGVD 29
27001900,815.7,7/24/1968,7/24/2000,1968,NGVD 29
27001900,815.1,7/29/1968,7/29/2000,1968,NGVD 29
27001900,815.3,7/31/1968,7/31/2000,1968,NGVD 29
27001900,815.2,8/2/1968,8/2/2000,1968,NGVD 29
27001900,815.12,8/5/1968,8/5/2000,1968,NGVD 29
27001900,814.9,8/12/1968,8/12/2000,1968,NGVD 29
27001900,814.92,8/16/1968,8/16/2000,1968,NGVD 29
27001900,814.66,8/20/1968,8/20/2000,1968,NGVD 29
27001900,814.6,8/23/1968,8/23/2000,1968,NGVD 29
27001900,814.3,9/4/1968,9/4/2000,1968,NGVD 29
27001900,814.28,9/6/1968,9/6/2000,1968,NGVD 29
27001900,816.18,10/18/1968,10/18/2000,1968,NGVD 29
27001900,815.1,11/18/1968,11/18/2000,1968,NGVD 29
27001900,815.12,1/8/1969,1/8/2000,1969,NGVD 29
27001900,816.3,2/6/1969,2/6/2000,1969,NGVD 29
27001900,815.06,2/24/1969,2/24/2000,1969,NGVD 29
27001900,815.01,3/12/1969,3/12/2000,1969,NGVD 29
27001900,815.4,3/21/1969,3/21/2000,1969,NGVD 29
27001900,815.65,3/24/1969,3/24/2000,1969,NGVD 29
27001900,815.7,4/3/1969,4/3/2000,1969,NGVD 29
27001900,816.33,4/11/1969,4/11/2000,1969,NGVD 29
27001900,816.46,5/1/1969,5/1/2000,1969,NGVD 29
27001900,814.82,6/11/1969,6/11/2000,1969,NGVD 29
27001900,814.84,6/25/1969,6/25/2000,1969,NGVD 29
27001900,815.1,8/13/1969,8/13/2000,1969,NGVD 29
27001900,813.74,10/1/1969,10/1/2000,1969,NGVD 29
27001900,813.3,11/18/1969,11/18/2000,1969,NGVD 29
27001900,813,1/9/1970,1/9/2000,1970,NGVD 29
27001900,814,3/3/1970,3/3/2000,1970,NGVD 29
27001900,813,4/8/1970,4/8/2000,1970,NGVD 29
27001900,815.35,4/29/1970,4/29/2000,1970,NGVD 29
27001900,814.9,5/14/1970,5/14/2000,1970,NGVD 29
27001900,814.95,5/27/1970,5/27/2000,1970,NGVD 29
27001900,814.44,8/28/1970,8/28/2000,1970,NGVD 29
27001900,815.3,9/23/1970,9/23/2000,1970,NGVD 29
27001900,816.15,10/9/1970,10/9/2000,1970,NGVD 29
27001900,815.45,10/13/1970,10/13/2000,1970,NGVD 29
27001900,815.1,10/26/1970,10/26/2000,1970,NGVD 29
27001900,815.25,10/30/1970,10/30/2000,1970,NGVD 29
27001900,815.96,11/9/1970,11/9/2000,1970,NGVD 29
27001900,815,11/27/1970,11/27/2000,1970,NGVD 29
27001900,814.84,12/11/1970,12/11/2000,1970,NGVD 29
27001900,814.31,2/16/1971,2/16/2000,1971,NGVD 29
27001900,814.9,3/19/1971,3/19/2000,1971,NGVD 29
27001900,815.78,4/1/1971,4/1/2000,1971,NGVD 29
27001900,815.46,4/5/1971,4/5/2000,1971,NGVD 29
27001900,815.68,4/7/1971,4/7/2000,1971,NGVD 29
27001900,815.94,4/22/1971,4/22/2000,1971,NGVD 29
27001900,815.08,5/17/1971,5/17/2000,1971,NGVD 29
27001900,815.58,6/1/1971,6/1/2000,1971,NGVD 29
27001900,815.08,6/17/1971,6/17/2000,1971,NGVD 29
27001900,813.94,9/17/1971,9/17/2000,1971,NGVD 29
27001900,814.28,9/28/1971,9/28/2000,1971,NGVD 29
27001900,814.68,10/13/1971,10/13/2000,1971,NGVD 29
27001900,815.02,10/27/1971,10/27/2000,1971,NGVD 29
27001900,815.08,11/26/1971,11/26/2000,1971,NGVD 29
27001900,814.75,1/4/1972,1/4/2000,1972,NGVD 29
27001900,814.46,2/7/1972,2/7/2000,1972,NGVD 29
27001900,814.22,3/8/1972,3/8/2000,1972,NGVD 29
27001900,815.56,4/4/1972,4/4/2000,1972,NGVD 29
27001900,815.12,4/14/1972,4/14/2000,1972,NGVD 29
27001900,814.9,5/18/1972,5/18/2000,1972,NGVD 29
27001900,814.98,6/2/1972,6/2/2000,1972,NGVD 29
27001900,814.62,6/19/1972,6/19/2000,1972,NGVD 29
27001900,814.7,7/10/1972,7/10/2000,1972,NGVD 29
27001900,815.4,8/3/1972,8/3/2000,1972,NGVD 29
27001900,814.62,9/20/1972,9/20/2000,1972,NGVD 29
27001900,814.74,12/11/1972,12/11/2000,1972,NGVD 29
27001900,814.76,1/15/1973,1/15/2000,1973,NGVD 29
27001900,814.66,2/1/1973,2/1/2000,1973,NGVD 29
27001900,815.15,5/22/1973,5/22/2000,1973,NGVD 29
27001900,814.72,9/20/1973,9/20/2000,1973,NGVD 29
27001900,814.76,10/11/1973,10/11/2000,1973,NGVD 29
27001900,813.91,1/21/1974,1/21/2000,1974,NGVD 29
27001900,815,7/29/1974,7/29/2000,1974,NGVD 29
27001900,814.11,9/20/1974,9/20/2000,1974,NGVD 29
27001900,813.7,10/9/1974,10/9/2000,1974,NGVD 29
27001900,813.36,11/19/1974,11/19/2000,1974,NGVD 29
27001900,813.2,12/6/1974,12/6/2000,1974,NGVD 29
27001900,812.9,2/3/1975,2/3/2000,1975,NGVD 29
27001900,815.11,4/3/1975,4/3/2000,1975,NGVD 29
27001900,816.75,4/30/1975,4/30/2000,1975,NGVD 29
27001900,816.7,5/14/1975,5/14/2000,1975,NGVD 29
27001900,816.55,5/20/1975,5/20/2000,1975,NGVD 29
27001900,815.9,3/31/1976,3/31/2000,1976,NGVD 29
27001900,815.23,4/22/1976,4/22/2000,1976,NGVD 29
27001900,815.05,5/21/1976,5/21/2000,1976,NGVD 29
27001900,814,8/20/1976,8/20/2000,1976,NGVD 29
27001900,812.56,11/17/1976,11/17/2000,1976,NGVD 29
27001900,812.38,3/7/1977,3/7/2000,1977,NGVD 29
27001900,814.81,6/28/1977,6/28/2000,1977,NGVD 29
27001900,814.65,8/5/1977,8/5/2000,1977,NGVD 29
27001900,816.9,8/31/1977,8/31/2000,1977,NGVD 29
27001900,817.06,9/1/1977,9/1/2000,1977,NGVD 29
27001900,815.04,10/27/1977,10/27/2000,1977,NGVD 29
27001900,814.94,12/16/1977,12/16/2000,1977,NGVD 29
27001900,814.97,1/3/1978,1/3/2000,1978,NGVD 29
27001900,814.55,2/8/1978,2/8/2000,1978,NGVD 29
27001900,814.67,4/5/1978,4/5/2000,1978,NGVD 29
27001900,815.57,4/20/1978,4/20/2000,1978,NGVD 29
27001900,815.28,5/4/1978,5/4/2000,1978,NGVD 29
27001900,815.39,5/17/1978,5/17/2000,1978,NGVD 29
27001900,816.18,6/27/1978,6/27/2000,1978,NGVD 29
27001900,816.18,7/20/1978,7/20/2000,1978,NGVD 29
27001900,815.92,8/10/1978,8/10/2000,1978,NGVD 29
27001900,816.24,8/29/1978,8/29/2000,1978,NGVD 29
27001900,815.65,10/11/1978,10/11/2000,1978,NGVD 29
27001900,814.66,1/2/1979,1/2/2000,1979,NGVD 29
27001900,814.66,1/3/1979,1/3/2000,1979,NGVD 29
27001900,815.65,3/20/1979,3/20/2000,1979,NGVD 29
27001900,815.95,6/7/1979,6/7/2000,1979,NGVD 29
27001900,816.6,6/29/1979,6/29/2000,1979,NGVD 29
27001900,815.45,8/22/1979,8/22/2000,1979,NGVD 29
27001900,815.45,9/5/1979,9/5/2000,1979,NGVD 29
27001900,815.06,12/26/1979,12/26/2000,1979,NGVD 29
27001900,814.84,5/1/1980,5/1/2000,1980,NGVD 29
27001900,815.6,6/11/1980,6/11/2000,1980,NGVD 29
27001900,815.87,6/19/1980,6/19/2000,1980,NGVD 29
27001900,815.45,8/15/1980,8/15/2000,1980,NGVD 29
27001900,815.6,9/3/1980,9/3/2000,1980,NGVD 29
27001900,815.2,10/14/1980,10/14/2000,1980,NGVD 29
27001900,814.43,12/8/1980,12/8/2000,1980,NGVD 29
27001900,813.87,3/24/1981,3/24/2000,1981,NGVD 29
27001900,815.1,5/6/1981,5/6/2000,1981,NGVD 29
27001900,815,5/13/1981,5/13/2000,1981,NGVD 29
27001900,814.71,6/12/1981,6/12/2000,1981,NGVD 29
27001900,816.1,6/15/1981,6/15/2000,1981,NGVD 29
27001900,815.3,6/29/1981,6/29/2000,1981,NGVD 29
27001900,815.02,7/23/1981,7/23/2000,1981,NGVD 29
27001900,815.13,9/2/1981,9/2/2000,1981,NGVD 29
27001900,815,9/21/1981,9/21/2000,1981,NGVD 29
27001900,815.3,10/7/1981,10/7/2000,1981,NGVD 29
27001900,815.82,4/21/1982,4/21/2000,1982,NGVD 29
27001900,815.4,9/2/1982,9/2/2000,1982,NGVD 29
27001900,815.85,5/4/1983,5/4/2000,1983,NGVD 29
27001900,818.43,11/1/1983,11/1/2000,1983,NGVD 29
27001900,815.54,6/5/1984,6/5/2000,1984,NGVD 29
27001900,814.93,6/19/1985,6/19/2000,1985,NGVD 29
27001900,814.59,4/17/1997,4/17/2000,1997,NGVD 29
27001900,814.59,4/19/1997,4/19/2000,1997,NGVD 29
27001900,814.55,4/22/1997,4/22/2000,1997,NGVD 29
27001900,814.49,4/29/1997,4/29/2000,1997,NGVD 29
27001900,814.49,5/5/1997,5/5/2000,1997,NGVD 29
27001900,814.45,5/7/1997,5/7/2000,1997,NGVD 29
27001900,814.44,5/8/1997,5/8/2000,1997,NGVD 29
27001900,814.42,5/12/1997,5/12/2000,1997,NGVD 29
27001900,814.34,5/19/1997,5/19/2000,1997,NGVD 29
27001900,814.3,5/21/1997,5/21/2000,1997,NGVD 29
27001900,814.23,5/28/1997,5/28/2000,1997,NGVD 29
27001900,814.22,6/2/1997,6/2/2000,1997,NGVD 29
27001900,814.15,6/9/1997,6/9/2000,1997,NGVD 29
27001900,814.03,6/16/1997,6/16/2000,1997,NGVD 29
27001900,814.03,6/25/1997,6/25/2000,1997,NGVD 29
27001900,814.18,6/29/1997,6/29/2000,1997,NGVD 29
27001900,814.74,7/1/1997,7/1/2000,1997,NGVD 29
27001900,815.11,7/2/1997,7/2/2000,1997,NGVD 29
27001900,815.39,7/3/1997,7/3/2000,1997,NGVD 29
27001900,815.31,7/5/1997,7/5/2000,1997,NGVD 29
27001900,815.19,7/7/1997,7/7/2000,1997,NGVD 29
27001900,815.23,7/8/1997,7/8/2000,1997,NGVD 29
27001900,815.19,7/9/1997,7/9/2000,1997,NGVD 29
27001900,815.26,7/11/1997,7/11/2000,1997,NGVD 29
27001900,815.5,7/14/1997,7/14/2000,1997,NGVD 29
27001900,815.34,7/15/1997,7/15/2000,1997,NGVD 29
27001900,815.24,7/16/1997,7/16/2000,1997,NGVD 29
27001900,816.42,7/17/1997,7/17/2000,1997,NGVD 29
27001900,816.02,7/18/1997,7/18/2000,1997,NGVD 29
27001900,815.67,7/19/1997,7/19/2000,1997,NGVD 29
27001900,816.87,7/23/1997,7/23/2000,1997,NGVD 29
27001900,815.49,7/27/1997,7/27/2000,1997,NGVD 29
27001900,815.23,7/31/1997,7/31/2000,1997,NGVD 29
27001900,815.19,8/5/1997,8/5/2000,1997,NGVD 29
27001900,815.21,8/6/1997,8/6/2000,1997,NGVD 29
27001900,815.14,8/10/1997,8/10/2000,1997,NGVD 29
27001900,815.11,8/12/1997,8/12/2000,1997,NGVD 29
27001900,815.23,8/15/1997,8/15/2000,1997,NGVD 29
27001900,815.8,8/19/1997,8/19/2000,1997,NGVD 29
27001900,816.13,8/20/1997,8/20/2000,1997,NGVD 29
27001900,815.83,8/21/1997,8/21/2000,1997,NGVD 29
27001900,815.54,8/22/1997,8/22/2000,1997,NGVD 29
27001900,815.24,8/27/1997,8/27/2000,1997,NGVD 29
27001900,815.68,8/30/1997,8/30/2000,1997,NGVD 29
27001900,815.37,9/1/1997,9/1/2000,1997,NGVD 29
27001900,815.31,9/2/1997,9/2/2000,1997,NGVD 29
27001900,815.22,9/6/1997,9/6/2000,1997,NGVD 29
27001900,815.25,9/9/1997,9/9/2000,1997,NGVD 29
27001900,815.49,9/16/1997,9/16/2000,1997,NGVD 29
27001900,815.63,9/17/1997,9/17/2000,1997,NGVD 29
27001900,815.22,9/22/1997,9/22/2000,1997,NGVD 29
27001900,815.17,9/24/1997,9/24/2000,1997,NGVD 29
27001900,815.16,9/27/1997,9/27/2000,1997,NGVD 29
27001900,815.15,9/29/1997,9/29/2000,1997,NGVD 29
27001900,815.08,10/2/1997,10/2/2000,1997,NGVD 29
27001900,815.03,10/5/1997,10/5/2000,1997,NGVD 29
27001900,815.04,10/9/1997,10/9/2000,1997,NGVD 29
27001900,815.27,10/13/1997,10/13/2000,1997,NGVD 29
27001900,815.17,10/17/1997,10/17/2000,1997,NGVD 29
27001900,815.15,10/19/1997,10/19/2000,1997,NGVD 29
27001900,815.06,10/24/1997,10/24/2000,1997,NGVD 29
27001900,815.01,10/29/1997,10/29/2000,1997,NGVD 29
27001900,815.05,11/3/1997,11/3/2000,1997,NGVD 29
27001900,814.95,11/13/1997,11/13/2000,1997,NGVD 29
27001900,815.19,11/24/1997,11/24/2000,1997,NGVD 29
27001900,815.29,6/3/1999,6/3/2000,1999,NGVD 29
27001900,815.42,6/9/1999,6/9/2000,1999,NGVD 29
27001900,815.32,6/17/1999,6/17/2000,1999,NGVD 29
27001900,815.32,6/24/1999,6/24/2000,1999,NGVD 29
27001900,815.26,7/1/1999,7/1/2000,1999,NGVD 29
27001900,815.34,7/7/1999,7/7/2000,1999,NGVD 29
27001900,815.16,7/15/1999,7/15/2000,1999,NGVD 29
27001900,815.04,7/22/1999,7/22/2000,1999,NGVD 29
27001900,815.38,7/29/1999,7/29/2000,1999,NGVD 29
27001900,815.2,8/5/1999,8/5/2000,1999,NGVD 29
27001900,815.16,8/11/1999,8/11/2000,1999,NGVD 29
27001900,815.02,8/19/1999,8/19/2000,1999,NGVD 29
27001900,815.16,8/26/1999,8/26/2000,1999,NGVD 29
27001900,814.98,9/2/1999,9/2/2000,1999,NGVD 29
27001900,814.86,9/9/1999,9/9/2000,1999,NGVD 29
27001900,815.06,9/16/1999,9/16/2000,1999,NGVD 29
27001900,814.96,9/22/1999,9/22/2000,1999,NGVD 29
27001900,814.86,9/30/1999,9/30/2000,1999,NGVD 29
27001900,814.71,10/6/1999,10/6/2000,1999,NGVD 29
27001900,814.64,10/12/1999,10/12/2000,1999,NGVD 29
27001900,814.64,10/18/1999,10/18/2000,1999,NGVD 29
27001900,814.36,10/27/1999,10/27/2000,1999,NGVD 29
27001900,814.34,11/4/1999,11/4/2000,1999,NGVD 29
27001900,814.26,11/9/1999,11/9/2000,1999,NGVD 29
27001900,814.16,11/17/1999,11/17/2000,1999,NGVD 29
27001900,814.06,11/22/1999,11/22/2000,1999,NGVD 29
27001900,814.06,11/29/1999,11/29/2000,1999,NGVD 29
27001900,814.06,12/9/1999,12/9/2000,1999,NGVD 29
27001900,813.96,3/13/2000,3/13/2000,2000,NGVD 29
27001900,813.9,3/29/2000,3/29/2000,2000,NGVD 29
27001900,813.86,4/5/2000,4/5/2000,2000,NGVD 29
27001900,813.86,4/6/2000,4/6/2000,2000,NGVD 29
27001900,813.86,4/12/2000,4/12/2000,2000,NGVD 29
27001900,813.57,4/19/2000,4/19/2000,2000,NGVD 29
27001900,813.57,4/27/2000,4/27/2000,2000,NGVD 29
27001900,813.47,5/3/2000,5/3/2000,2000,NGVD 29
27001900,813.42,5/10/2000,5/10/2000,2000,NGVD 29
27001900,813.41,5/17/2000,5/17/2000,2000,NGVD 29
27001900,813.44,5/24/2000,5/24/2000,2000,NGVD 29
27001900,813.62,5/31/2000,5/31/2000,2000,NGVD 29
27001900,813.72,6/7/2000,6/7/2000,2000,NGVD 29
27001900,813.65,6/14/2000,6/14/2000,2000,NGVD 29
27001900,813.83,6/21/2000,6/21/2000,2000,NGVD 29
27001900,813.62,6/28/2000,6/28/2000,2000,NGVD 29
27001900,813.73,7/5/2000,7/5/2000,2000,NGVD 29
27001900,815.54,7/10/2000,7/10/2000,2000,NGVD 29
27001900,815.36,7/12/2000,7/12/2000,2000,NGVD 29
27001900,815.3,7/14/2000,7/14/2000,2000,NGVD 29
27001900,815.13,7/18/2000,7/18/2000,2000,NGVD 29
27001900,815.02,7/26/2000,7/26/2000,2000,NGVD 29
27001900,814.84,8/2/2000,8/2/2000,2000,NGVD 29
27001900,814.79,8/9/2000,8/9/2000,2000,NGVD 29
27001900,814.66,8/16/2000,8/16/2000,2000,NGVD 29
27001900,814.71,8/23/2000,8/23/2000,2000,NGVD 29
27001900,814.67,8/29/2000,8/29/2000,2000,NGVD 29
27001900,815.06,9/6/2000,9/6/2000,2000,NGVD 29
27001900,814.88,9/13/2000,9/13/2000,2000,NGVD 29
27001900,814.76,9/19/2000,9/19/2000,2000,NGVD 29
27001900,814.56,9/27/2000,9/27/2000,2000,NGVD 29
27001900,814.42,10/4/2000,10/4/2000,2000,NGVD 29
27001900,814.36,10/10/2000,10/10/2000,2000,NGVD 29
27001900,814.16,10/18/2000,10/18/2000,2000,NGVD 29
27001900,814.12,10/25/2000,10/25/2000,2000,NGVD 29
27001900,814.14,11/1/2000,11/1/2000,2000,NGVD 29
27001900,814.32,11/8/2000,11/8/2000,2000,NGVD 29
27001900,815,11/15/2000,11/15/2000,2000,NGVD 29
27001900,814.52,4/12/2001,4/12/2000,2001,NGVD 29
27001900,814.4,4/18/2001,4/18/2000,2001,NGVD 29
27001900,815.26,4/25/2001,4/25/2000,2001,NGVD 29
27001900,815.14,4/30/2001,4/30/2000,2001,NGVD 29
27001900,815.2,5/2/2001,5/2/2000,2001,NGVD 29
27001900,815.42,5/7/2001,5/7/2000,2001,NGVD 29
27001900,815.06,5/16/2001,5/16/2000,2001,NGVD 29
27001900,815.51,5/23/2001,5/23/2000,2001,NGVD 29
27001900,815.33,5/30/2001,5/30/2000,2001,NGVD 29
27001900,815.2,6/6/2001,6/6/2000,2001,NGVD 29
27001900,815.85,6/13/2001,6/13/2000,2001,NGVD 29
27001900,815.42,6/20/2001,6/20/2000,2001,NGVD 29
27001900,815.21,6/27/2001,6/27/2000,2001,NGVD 29
27001900,815.11,7/5/2001,7/5/2000,2001,NGVD 29
27001900,814.97,7/11/2001,7/11/2000,2001,NGVD 29
27001900,814.81,7/18/2001,7/18/2000,2001,NGVD 29
27001900,815.9,7/25/2001,7/25/2000,2001,NGVD 29
27001900,814.77,8/1/2001,8/1/2000,2001,NGVD 29
27001900,814.62,8/5/2001,8/5/2000,2001,NGVD 29
27001900,814.39,8/15/2001,8/15/2000,2001,NGVD 29
27001900,814.39,8/22/2001,8/22/2000,2001,NGVD 29
27001900,814.34,8/29/2001,8/29/2000,2001,NGVD 29
27001900,814.14,9/5/2001,9/5/2000,2001,NGVD 29
27001900,814.21,9/12/2001,9/12/2000,2001,NGVD 29
27001900,814.08,9/19/2001,9/19/2000,2001,NGVD 29
27001900,814.24,9/26/2001,9/26/2000,2001,NGVD 29
27001900,814.11,10/3/2001,10/3/2000,2001,NGVD 29
27001900,814.09,10/10/2001,10/10/2000,2001,NGVD 29
27001900,813.97,10/17/2001,10/17/2000,2001,NGVD 29
27001900,813.9,10/24/2001,10/24/2000,2001,NGVD 29
27001900,813.81,10/31/2001,10/31/2000,2001,NGVD 29
27001900,813.65,11/7/2001,11/7/2000,2001,NGVD 29
27001900,813.69,11/14/2001,11/14/2000,2001,NGVD 29
27001900,813.64,11/21/2001,11/21/2000,2001,NGVD 29
27001900,813.93,11/28/2001,11/28/2000,2001,NGVD 29
27001900,813.88,12/5/2001,12/5/2000,2001,NGVD 29
27001900,813.81,12/12/2001,12/12/2000,2001,NGVD 29
27001900,813.72,12/19/2001,12/19/2000,2001,NGVD 29
27001900,813.67,4/17/2002,4/17/2000,2002,NGVD 29
27001900,813.64,4/24/2002,4/24/2000,2002,NGVD 29
27001900,813.69,5/1/2002,5/1/2000,2002,NGVD 29
27001900,813.67,5/8/2002,5/8/2000,2002,NGVD 29
27001900,813.65,5/22/2002,5/22/2000,2002,NGVD 29
27001900,813.62,5/29/2002,5/29/2000,2002,NGVD 29
27001900,813.6,6/5/2002,6/5/2000,2002,NGVD 29
27001900,813.74,6/12/2002,6/12/2000,2002,NGVD 29
27001900,813.7,6/19/2002,6/19/2000,2002,NGVD 29
27001900,814.92,6/26/2002,6/26/2000,2002,NGVD 29
27001900,814.89,7/3/2002,7/3/2000,2002,NGVD 29
27001900,814.8,7/10/2002,7/10/2000,2002,NGVD 29
27001900,814.92,7/17/2002,7/17/2000,2002,NGVD 29
27001900,814.81,7/24/2002,7/24/2000,2002,NGVD 29
27001900,815.01,7/31/2002,7/31/2000,2002,NGVD 29
27001900,815.36,8/7/2002,8/7/2000,2002,NGVD 29
27001900,815.19,8/14/2002,8/14/2000,2002,NGVD 29
27001900,815.97,8/21/2002,8/21/2000,2002,NGVD 29
27001900,815.23,8/28/2002,8/28/2000,2002,NGVD 29
27001900,815.42,9/4/2002,9/4/2000,2002,NGVD 29
27001900,815.81,9/11/2002,9/11/2000,2002,NGVD 29
27001900,815.32,9/18/2002,9/18/2000,2002,NGVD 29
27001900,815.47,9/25/2002,9/25/2000,2002,NGVD 29
27001900,815.64,10/2/2002,10/2/2000,2002,NGVD 29
27001900,816.07,10/9/2002,10/9/2000,2002,NGVD 29
27001900,815.95,10/16/2002,10/16/2000,2002,NGVD 29
27001900,815.55,10/24/2002,10/24/2000,2002,NGVD 29
27001900,815.42,10/30/2002,10/30/2000,2002,NGVD 29
27001900,815.49,11/6/2002,11/6/2000,2002,NGVD 29
27001900,815.46,11/13/2002,11/13/2000,2002,NGVD 29
27001900,815.41,11/20/2002,11/20/2000,2002,NGVD 29
27001900,814.51,4/9/2003,4/9/2000,2003,NGVD 29
27001900,814.69,4/16/2003,4/16/2000,2003,NGVD 29
27001900,814.7,4/23/2003,4/23/2000,2003,NGVD 29
27001900,814.63,4/30/2003,4/30/2000,2003,NGVD 29
27001900,814.59,5/7/2003,5/7/2000,2003,NGVD 29
27001900,815.22,5/14/2003,5/14/2000,2003,NGVD 29
27001900,815.34,5/21/2003,5/21/2000,2003,NGVD 29
27001900,815.39,5/28/2003,5/28/2000,2003,NGVD 29
27001900,815.42,6/4/2003,6/4/2000,2003,NGVD 29
27001900,815.35,6/6/2003,6/6/2000,2003,NGVD 29
27001900,815.25,6/11/2003,6/11/2000,2003,NGVD 29
27001900,815.01,6/18/2003,6/18/2000,2003,NGVD 29
27001900,815.55,6/25/2003,6/25/2000,2003,NGVD 29
27001900,815.15,7/2/2003,7/2/2000,2003,NGVD 29
27001900,815.13,7/9/2003,7/9/2000,2003,NGVD 29
27001900,815.06,7/16/2003,7/16/2000,2003,NGVD 29
27001900,814.92,7/23/2003,7/23/2000,2003,NGVD 29
27001900,814.76,7/30/2003,7/30/2000,2003,NGVD 29
27001900,814.6,8/6/2003,8/6/2000,2003,NGVD 29
27001900,814.47,8/13/2003,8/13/2000,2003,NGVD 29
27001900,814.38,8/20/2003,8/20/2000,2003,NGVD 29
27001900,814.22,8/27/2003,8/27/2000,2003,NGVD 29
27001900,814.02,9/3/2003,9/3/2000,2003,NGVD 29
27001900,813.87,9/10/2003,9/10/2000,2003,NGVD 29
27001900,813.9,9/17/2003,9/17/2000,2003,NGVD 29
27001900,813.82,9/24/2003,9/24/2000,2003,NGVD 29
27001900,813.67,10/1/2003,10/1/2000,2003,NGVD 29
27001900,813.58,10/8/2003,10/8/2000,2003,NGVD 29
27001900,813.54,10/15/2003,10/15/2000,2003,NGVD 29
27001900,813.46,10/22/2003,10/22/2000,2003,NGVD 29
27001900,813.36,10/29/2003,10/29/2000,2003,NGVD 29
27001900,813.32,11/5/2003,11/5/2000,2003,NGVD 29
27001900,813.24,11/12/2003,11/12/2000,2003,NGVD 29
27001900,813.22,11/19/2003,11/19/2000,2003,NGVD 29
27001900,813.24,11/26/2003,11/26/2000,2003,NGVD 29
27001900,813.07,4/7/2004,4/7/2000,2004,NGVD 29
27001900,812.97,4/14/2004,4/14/2000,2004,NGVD 29
27001900,813.15,4/21/2004,4/21/2000,2004,NGVD 29
27001900,813.13,4/28/2004,4/28/2000,2004,NGVD 29
27001900,812.97,5/5/2004,5/5/2000,2004,NGVD 29
27001900,812.99,5/12/2004,5/12/2000,2004,NGVD 29
27001900,813.11,5/19/2004,5/19/2000,2004,NGVD 29
27001900,813.25,5/26/2004,5/26/2000,2004,NGVD 29
27001900,813.36,5/27/2004,5/27/2000,2004,NGVD 29
27001900,813.59,6/2/2004,6/2/2000,2004,NGVD 29
27001900,813.75,6/9/2004,6/9/2000,2004,NGVD 29
27001900,813.85,6/16/2004,6/16/2000,2004,NGVD 29
27001900,813.75,6/21/2004,6/21/2000,2004,NGVD 29
27001900,813.71,6/23/2004,6/23/2000,2004,NGVD 29
27001900,813.61,6/30/2004,6/30/2000,2004,NGVD 29
27001900,813.63,7/6/2004,7/6/2000,2004,NGVD 29
27001900,813.65,7/7/2004,7/7/2000,2004,NGVD 29
27001900,813.73,7/12/2004,7/12/2000,2004,NGVD 29
27001900,813.65,7/14/2004,7/14/2000,2004,NGVD 29
27001900,813.55,7/21/2004,7/21/2000,2004,NGVD 29
27001900,813.43,7/26/2004,7/26/2000,2004,NGVD 29
27001900,813.39,7/28/2004,7/28/2000,2004,NGVD 29
27001900,813.41,8/4/2004,8/4/2000,2004,NGVD 29
27001900,813.25,8/11/2004,8/11/2000,2004,NGVD 29
27001900,813.05,8/18/2004,8/18/2000,2004,NGVD 29
27001900,813.1,8/25/2004,8/25/2000,2004,NGVD 29
27001900,813.05,9/1/2004,9/1/2000,2004,NGVD 29
27001900,813.02,9/8/2004,9/8/2000,2004,NGVD 29
27001900,813.27,9/15/2004,9/15/2000,2004,NGVD 29
27001900,813.17,9/22/2004,9/22/2000,2004,NGVD 29
27001900,813.09,9/29/2004,9/29/2000,2004,NGVD 29
27001900,812.98,10/6/2004,10/6/2000,2004,NGVD 29
27001900,812.92,10/13/2004,10/13/2000,2004,NGVD 29
27001900,812.83,10/20/2004,10/20/2000,2004,NGVD 29
27001900,812.79,10/27/2004,10/27/2000,2004,NGVD 29
27001900,812.95,11/3/2004,11/3/2000,2004,NGVD 29
27001900,812.89,11/10/2004,11/10/2000,2004,NGVD 29
27001900,812.8,11/17/2004,11/17/2000,2004,NGVD 29
27001900,812.83,11/24/2004,11/24/2000,2004,NGVD 29
27001900,812.76,12/14/2004,12/14/2000,2004,NGVD 29
27001900,812.76,4/6/2005,4/6/2000,2005,NGVD 29
27001900,812.77,4/13/2005,4/13/2000,2005,NGVD 29
27001900,812.89,4/20/2005,4/20/2000,2005,NGVD 29
27001900,812.8,4/27/2005,4/27/2000,2005,NGVD 29
27001900,812.7,5/4/2005,5/4/2000,2005,NGVD 29
27001900,812.69,5/11/2005,5/11/2000,2005,NGVD 29
27001900,812.82,5/18/2005,5/18/2000,2005,NGVD 29
27001900,812.79,5/25/2005,5/25/2000,2005,NGVD 29
27001900,812.77,6/1/2005,6/1/2000,2005,NGVD 29
27001900,812.82,6/8/2005,6/8/2000,2005,NGVD 29
27001900,812.82,6/15/2005,6/15/2000,2005,NGVD 29
27001900,812.83,6/22/2005,6/22/2000,2005,NGVD 29
27001900,812.87,6/29/2005,6/29/2000,2005,NGVD 29
27001900,812.75,7/6/2005,7/6/2000,2005,NGVD 29
27001900,812.63,7/13/2005,7/13/2000,2005,NGVD 29
27001900,812.46,7/20/2005,7/20/2000,2005,NGVD 29
27001900,812.28,7/27/2005,7/27/2000,2005,NGVD 29
27001900,812.45,8/3/2005,8/3/2000,2005,NGVD 29
27001900,812.5,8/10/2005,8/10/2000,2005,NGVD 29
27001900,812.48,8/17/2005,8/17/2000,2005,NGVD 29
27001900,812.4,8/24/2005,8/24/2000,2005,NGVD 29
27001900,812.44,8/31/2005,8/31/2000,2005,NGVD 29
27001900,812.54,9/7/2005,9/7/2000,2005,NGVD 29
27001900,812.58,9/14/2005,9/14/2000,2005,NGVD 29
27001900,812.54,9/21/2005,9/21/2000,2005,NGVD 29
27001900,812.6,9/28/2005,9/28/2000,2005,NGVD 29
27001900,813.48,10/5/2005,10/5/2000,2005,NGVD 29
27001900,813.52,10/6/2005,10/6/2000,2005,NGVD 29
27001900,813.7,10/12/2005,10/12/2000,2005,NGVD 29
27001900,813.63,10/19/2005,10/19/2000,2005,NGVD 29
27001900,813.56,10/26/2005,10/26/2000,2005,NGVD 29
27001900,813.48,11/2/2005,11/2/2000,2005,NGVD 29
27001900,813.34,11/9/2005,11/9/2000,2005,NGVD 29
27001900,813.38,11/23/2005,11/23/2000,2005,NGVD 29
27001900,813.45,11/30/2005,11/30/2000,2005,NGVD 29
27001900,813.61,4/6/2006,4/6/2000,2006,NGVD 29
27001900,814.09,4/12/2006,4/12/2000,2006,NGVD 29
27001900,814.02,4/19/2006,4/19/2000,2006,NGVD 29
27001900,813.94,4/26/2006,4/26/2000,2006,NGVD 29
27001900,814.24,5/3/2006,5/3/2000,2006,NGVD 29
27001900,814.17,5/10/2006,5/10/2000,2006,NGVD 29
27001900,814.09,5/17/2006,5/17/2000,2006,NGVD 29
27001900,814.09,5/24/2006,5/24/2000,2006,NGVD 29
27001900,814.07,5/26/2006,5/26/2000,2006,NGVD 29
27001900,814.01,5/31/2006,5/31/2000,2006,NGVD 29
27001900,813.94,6/7/2006,6/7/2000,2006,NGVD 29
27001900,813.89,6/9/2006,6/9/2000,2006,NGVD 29
27001900,813.75,6/14/2006,6/14/2000,2006,NGVD 29
27001900,813.85,6/21/2006,6/21/2000,2006,NGVD 29
27001900,813.77,6/28/2006,6/28/2000,2006,NGVD 29
27001900,813.6,7/5/2006,7/5/2000,2006,NGVD 29
27001900,813.41,7/13/2006,7/13/2000,2006,NGVD 29
27001900,813.27,7/19/2006,7/19/2000,2006,NGVD 29
27001900,813.33,7/26/2006,7/26/2000,2006,NGVD 29
27001900,813.71,8/2/2006,8/2/2000,2006,NGVD 29
27001900,813.61,8/9/2006,8/9/2000,2006,NGVD 29
27001900,813.53,8/16/2006,8/16/2000,2006,NGVD 29
27001900,813.53,8/23/2006,8/23/2000,2006,NGVD 29
27001900,813.58,8/30/2006,8/30/2000,2006,NGVD 29
27001900,813.58,9/6/2006,9/6/2000,2006,NGVD 29
27001900,813.45,9/13/2006,9/13/2000,2006,NGVD 29
27001900,813.35,9/20/2006,9/20/2000,2006,NGVD 29
27001900,813.37,9/27/2006,9/27/2000,2006,NGVD 29
27001900,813.29,10/4/2006,10/4/2000,2006,NGVD 29
27001900,813.13,10/11/2006,10/11/2000,2006,NGVD 29
27001900,813.07,10/18/2006,10/18/2000,2006,NGVD 29
27001900,812.97,10/26/2006,10/26/2000,2006,NGVD 29
27001900,812.89,11/1/2006,11/1/2000,2006,NGVD 29
27001900,812.87,11/8/2006,11/8/2000,2006,NGVD 29
27001900,812.79,11/15/2006,11/15/2000,2006,NGVD 29
27001900,812.75,11/22/2006,11/22/2000,2006,NGVD 29
27001900,812.73,11/29/2006,11/29/2000,2006,NGVD 29
27001900,812.9,3/28/2007,3/28/2000,2007,NGVD 29
27001900,813.11,4/4/2007,4/4/2000,2007,NGVD 29
27001900,813.17,4/11/2007,4/11/2000,2007,NGVD 29
27001900,813.05,4/19/2007,4/19/2000,2007,NGVD 29
27001900,813.05,4/25/2007,4/25/2000,2007,NGVD 29
27001900,812.95,5/2/2007,5/2/2000,2007,NGVD 29
27001900,812.93,5/9/2007,5/9/2000,2007,NGVD 29
27001900,812.87,5/16/2007,5/16/2000,2007,NGVD 29
27001900,812.7,5/23/2007,5/23/2000,2007,NGVD 29
27001900,812.71,5/30/2007,5/30/2000,2007,NGVD 29
27001900,812.69,6/6/2007,6/6/2000,2007,NGVD 29
27001900,812.51,6/13/2007,6/13/2000,2007,NGVD 29
27001900,812.45,6/20/2007,6/20/2000,2007,NGVD 29
27001900,812.45,6/27/2007,6/27/2000,2007,NGVD 29
27001900,812.29,7/3/2007,7/3/2000,2007,NGVD 29
27001900,812.25,7/11/2007,7/11/2000,2007,NGVD 29
27001900,812.15,7/18/2007,7/18/2000,2007,NGVD 29
27001900,812.2,7/19/2007,7/19/2000,2007,NGVD 29
27001900,812.12,7/25/2007,7/25/2000,2007,NGVD 29
27001900,812.01,8/1/2007,8/1/2000,2007,NGVD 29
27001900,811.91,8/8/2007,8/8/2000,2007,NGVD 29
27001900,812.43,8/14/2007,8/14/2000,2007,NGVD 29
27001900,812.79,8/21/2007,8/21/2000,2007,NGVD 29
27001900,812.99,8/27/2007,8/27/2000,2007,NGVD 29
27001900,812.82,9/5/2007,9/5/2000,2007,NGVD 29
27001900,812.87,9/10/2007,9/10/2000,2007,NGVD 29
27001900,812.69,9/17/2007,9/17/2000,2007,NGVD 29
27001900,813.42,9/26/2007,9/26/2000,2007,NGVD 29
27001900,813.59,10/1/2007,10/1/2000,2007,NGVD 29
27001900,814.01,10/9/2007,10/9/2000,2007,NGVD 29
27001900,813.93,10/15/2007,10/15/2000,2007,NGVD 29
27001900,814.19,10/22/2007,10/22/2000,2007,NGVD 29
27001900,814.16,10/29/2007,10/29/2000,2007,NGVD 29
27001900,814.01,11/5/2007,11/5/2000,2007,NGVD 29
27001900,813.97,11/13/2007,11/13/2000,2007,NGVD 29
27001900,813.91,11/19/2007,11/19/2000,2007,NGVD 29
27001900,813.81,11/26/2007,11/26/2000,2007,NGVD 29
27001900,813.95,4/24/2008,4/24/2000,2008,NGVD 29
27001900,813.93,5/1/2008,5/1/2000,2008,NGVD 29
27001900,814.21,5/7/2008,5/7/2000,2008,NGVD 29
27001900,814.15,5/16/2008,5/16/2000,2008,NGVD 29
27001900,814.05,5/20/2008,5/20/2000,2008,NGVD 29
27001900,813.87,5/29/2008,5/29/2000,2008,NGVD 29
27001900,813.89,6/2/2008,6/2/2000,2008,NGVD 29
27001900,814,6/9/2008,6/9/2000,2008,NGVD 29
27001900,813.91,6/17/2008,6/17/2000,2008,NGVD 29
27001900,813.91,6/24/2008,6/24/2000,2008,NGVD 29
27001900,813.71,6/30/2008,6/30/2000,2008,NGVD 29
27001900,813.57,7/8/2008,7/8/2000,2008,NGVD 29
27001900,813.29,7/23/2008,7/23/2000,2008,NGVD 29
27001900,813.23,7/29/2008,7/29/2000,2008,NGVD 29
27001900,813.1,8/6/2008,8/6/2000,2008,NGVD 29
27001900,813.01,8/14/2008,8/14/2000,2008,NGVD 29
27001900,812.99,8/29/2008,8/29/2000,2008,NGVD 29
27001900,812.83,9/5/2008,9/5/2000,2008,NGVD 29
27001900,812.79,9/12/2008,9/12/2000,2008,NGVD 29
27001900,812.75,9/19/2008,9/19/2000,2008,NGVD 29
27001900,812.71,9/24/2008,9/24/2000,2008,NGVD 29
27001900,812.59,10/1/2008,10/1/2000,2008,NGVD 29
27001900,812.63,10/9/2008,10/9/2000,2008,NGVD 29
27001900,812.59,10/17/2008,10/17/2000,2008,NGVD 29
27001900,812.55,10/24/2008,10/24/2000,2008,NGVD 29
27001900,812.45,10/29/2008,10/29/2000,2008,NGVD 29
27001900,812.41,11/3/2008,11/3/2000,2008,NGVD 29
27001900,812.45,11/12/2008,11/12/2000,2008,NGVD 29
27001900,812.45,11/19/2008,11/19/2000,2008,NGVD 29
27001900,812.6,4/6/2009,4/6/2000,2009,NGVD 29
27001900,812.5,4/14/2009,4/14/2000,2009,NGVD 29
27001900,812.47,4/23/2009,4/23/2000,2009,NGVD 29
27001900,812.49,4/29/2009,4/29/2000,2009,NGVD 29
27001900,812.38,5/6/2009,5/6/2000,2009,NGVD 29
27001900,812.32,5/15/2009,5/15/2000,2009,NGVD 29
27001900,812.22,5/20/2009,5/20/2000,2009,NGVD 29
27001900,812.06,5/28/2009,5/28/2000,2009,NGVD 29
27001900,811.93,6/2/2009,6/2/2000,2009,NGVD 29
27001900,812.05,6/8/2009,6/8/2000,2009,NGVD 29
27001900,811.91,6/16/2009,6/16/2000,2009,NGVD 29
27001900,811.99,6/17/2009,6/17/2000,2009,NGVD 29
27001900,811.97,6/22/2009,6/22/2000,2009,NGVD 29
27001900,811.79,6/30/2009,6/30/2000,2009,NGVD 29
27001900,811.72,7/8/2009,7/8/2000,2009,NGVD 29
27001900,811.62,7/14/2009,7/14/2000,2009,NGVD 29
27001900,811.49,7/24/2009,7/24/2000,2009,NGVD 29
27001900,811.39,7/28/2009,7/28/2000,2009,NGVD 29
27001900,811.48,8/3/2009,8/3/2000,2009,NGVD 29
27001900,811.65,8/10/2009,8/10/2000,2009,NGVD 29
27001900,811.8,8/20/2009,8/20/2000,2009,NGVD 29
27001900,811.89,8/25/2009,8/25/2000,2009,NGVD 29
27001900,811.7,9/4/2009,9/4/2000,2009,NGVD 29
27001900,811.63,9/10/2009,9/10/2000,2009,NGVD 29
27001900,811.4,9/24/2009,9/24/2000,2009,NGVD 29
27001900,811.38,9/30/2009,9/30/2000,2009,NGVD 29
27001900,811.68,10/8/2009,10/8/2000,2009,NGVD 29
27001900,811.65,10/16/2009,10/16/2000,2009,NGVD 29
27001900,811.62,10/20/2009,10/20/2000,2009,NGVD 29
27001900,811.71,10/29/2009,10/29/2000,2009,NGVD 29
27001900,811.82,11/2/2009,11/2/2000,2009,NGVD 29
27001900,811.75,11/10/2009,11/10/2000,2009,NGVD 29
27001900,811.69,11/17/2009,11/17/2000,2009,NGVD 29
27001900,811.68,11/24/2009,11/24/2000,2009,NGVD 29
27001900,811.66,12/1/2009,12/1/2000,2009,NGVD 29
27001900,811.89,3/29/2010,3/29/2000,2010,NGVD 29
27001900,811.84,4/9/2010,4/9/2000,2010,NGVD 29
27001900,811.89,4/13/2010,4/13/2000,2010,NGVD 29
27001900,811.83,4/27/2010,4/27/2000,2010,NGVD 29
27001900,811.91,5/13/2010,5/13/2000,2010,NGVD 29
27001900,811.9,5/19/2010,5/19/2000,2010,NGVD 29
27001900,811.92,5/26/2010,5/26/2000,2010,NGVD 29
27001900,811.89,6/22/2010,6/22/2000,2010,NGVD 29
27001900,812.23,6/28/2010,6/28/2000,2010,NGVD 29
27001900,812.18,7/6/2010,7/6/2000,2010,NGVD 29
27001900,812.16,7/12/2010,7/12/2000,2010,NGVD 29
27001900,812.12,7/19/2010,7/19/2000,2010,NGVD 29
27001900,812.08,7/29/2010,7/29/2000,2010,NGVD 29
27001900,812.06,8/3/2010,8/3/2000,2010,NGVD 29
27001900,812.25,8/11/2010,8/11/2000,2010,NGVD 29
27001900,812.5,8/13/2010,8/13/2000,2010,NGVD 29
27001900,812.48,8/17/2010,8/17/2000,2010,NGVD 29
27001900,812.38,8/24/2010,8/24/2000,2010,NGVD 29
27001900,812.29,8/31/2010,8/31/2000,2010,NGVD 29
27001900,812.41,9/2/2010,9/2/2000,2010,NGVD 29
27001900,812.25,9/7/2010,9/7/2000,2010,NGVD 29
27001900,812.27,9/15/2010,9/15/2000,2010,NGVD 29
27001900,812.26,9/22/2010,9/22/2000,2010,NGVD 29
27001900,812.59,9/24/2010,9/24/2000,2010,NGVD 29
27001900,812.63,9/29/2010,9/29/2000,2010,NGVD 29
27001900,812.5,10/5/2010,10/5/2000,2010,NGVD 29
27001900,812.46,10/13/2010,10/13/2000,2010,NGVD 29
27001900,812.31,10/22/2010,10/22/2000,2010,NGVD 29
27001900,812.42,10/29/2010,10/29/2000,2010,NGVD 29
27001900,812.34,11/5/2010,11/5/2000,2010,NGVD 29
27001900,812.33,11/10/2010,11/10/2000,2010,NGVD 29
27001900,812.56,11/18/2010,11/18/2000,2010,NGVD 29
27001900,812.95,3/22/2011,3/22/2000,2011,NGVD 29
27001900,813.25,3/24/2011,3/24/2000,2011,NGVD 29
27001900,813.39,4/1/2011,4/1/2000,2011,NGVD 29
27001900,813.43,4/11/2011,4/11/2000,2011,NGVD 29
27001900,813.43,4/20/2011,4/20/2000,2011,NGVD 29
27001900,813.63,4/27/2011,4/27/2000,2011,NGVD 29
27001900,813.71,5/2/2011,5/2/2000,2011,NGVD 29
27001900,813.79,5/12/2011,5/12/2000,2011,NGVD 29
27001900,813.73,5/18/2011,5/18/2000,2011,NGVD 29
27001900,814.15,5/23/2011,5/23/2000,2011,NGVD 29
27001900,814.35,5/31/2011,5/31/2000,2011,NGVD 29
27001900,814.67,6/8/2011,6/8/2000,2011,NGVD 29
27001900,814.63,6/13/2011,6/13/2000,2011,NGVD 29
27001900,814.72,6/15/2011,6/15/2000,2011,NGVD 29
27001900,815.41,6/23/2011,6/23/2000,2011,NGVD 29
27001900,815.53,6/27/2011,6/27/2000,2011,NGVD 29
27001900,815.38,7/6/2011,7/6/2000,2011,NGVD 29
27001900,815.37,7/11/2011,7/11/2000,2011,NGVD 29
27001900,815.94,7/18/2011,7/18/2000,2011,NGVD 29
27001900,816.07,7/20/2011,7/20/2000,2011,NGVD 29
27001900,816.05,7/26/2011,7/26/2000,2011,NGVD 29
27001900,816.03,7/27/2011,7/27/2000,2011,NGVD 29
27001900,816.05,8/1/2011,8/1/2000,2011,NGVD 29
27001900,815.99,8/3/2011,8/3/2000,2011,NGVD 29
27001900,815.79,8/4/2011,8/4/2000,2011,NGVD 29
27001900,815.49,8/5/2011,8/5/2000,2011,NGVD 29
27001900,815.39,8/8/2011,8/8/2000,2011,NGVD 29
27001900,815.31,8/9/2011,8/9/2000,2011,NGVD 29
27001900,815.09,8/10/2011,8/10/2000,2011,NGVD 29
27001900,815.09,8/15/2011,8/15/2000,2011,NGVD 29
27001900,815.33,8/17/2011,8/17/2000,2011,NGVD 29
27001900,815.25,8/23/2011,8/23/2000,2011,NGVD 29
27001900,815.15,8/29/2011,8/29/2000,2011,NGVD 29
27001900,814.95,9/7/2011,9/7/2000,2011,NGVD 29
27001900,814.85,9/12/2011,9/12/2000,2011,NGVD 29
27001900,814.61,9/21/2011,9/21/2000,2011,NGVD 29
27001900,814.55,9/26/2011,9/26/2000,2011,NGVD 29
27001900,814.39,10/5/2011,10/5/2000,2011,NGVD 29
27001900,814.33,10/12/2011,10/12/2000,2011,NGVD 29
27001900,814.23,10/18/2011,10/18/2000,2011,NGVD 29
27001900,814.13,10/27/2011,10/27/2000,2011,NGVD 29
27001900,814.07,10/31/2011,10/31/2000,2011,NGVD 29
27001900,813.95,11/9/2011,11/9/2000,2011,NGVD 29
27001900,813.91,11/14/2011,11/14/2000,2011,NGVD 29
27001900,813.85,11/22/2011,11/22/2000,2011,NGVD 29
27001900,813.85,11/28/2011,11/28/2000,2011,NGVD 29
27001900,813.89,3/23/2012,3/23/2000,2012,NGVD 29
27001900,813.83,3/29/2012,3/29/2000,2012,NGVD 29
27001900,813.79,4/5/2012,4/5/2000,2012,NGVD 29
27001900,813.71,4/11/2012,4/11/2000,2012,NGVD 29
27001900,813.87,4/18/2012,4/18/2000,2012,NGVD 29
27001900,813.85,4/25/2012,4/25/2000,2012,NGVD 29
27001900,813.87,5/2/2012,5/2/2000,2012,NGVD 29
27001900,814.47,5/7/2012,5/7/2000,2012,NGVD 29
27001900,814.63,5/15/2012,5/15/2000,2012,NGVD 29
27001900,814.55,5/21/2012,5/21/2000,2012,NGVD 29
27001900,814.93,5/24/2012,5/24/2000,2012,NGVD 29
27001900,815.09,5/25/2012,5/25/2000,2012,NGVD 29
27001900,815.57,5/29/2012,5/29/2000,2012,NGVD 29
27001900,815.49,6/8/2012,6/8/2000,2012,NGVD 29
27001900,815.45,6/11/2012,6/11/2000,2012,NGVD 29
27001900,815.41,6/14/2012,6/14/2000,2012,NGVD 29
27001900,815.55,6/18/2012,6/18/2000,2012,NGVD 29
27001900,815.63,6/20/2012,6/20/2000,2012,NGVD 29
27001900,815.55,6/21/2012,6/21/2000,2012,NGVD 29
27001900,815.35,6/22/2012,6/22/2000,2012,NGVD 29
27001900,815.27,6/25/2012,6/25/2000,2012,NGVD 29
27001900,815.24,6/27/2012,6/27/2000,2012,NGVD 29
27001900,815.03,7/5/2012,7/5/2000,2012,NGVD 29
27001900,814.89,7/11/2012,7/11/2000,2012,NGVD 29
27001900,814.97,7/18/2012,7/18/2000,2012,NGVD 29
27001900,815.03,7/25/2012,7/25/2000,2012,NGVD 29
27001900,814.99,7/30/2012,7/30/2000,2012,NGVD 29
27001900,814.77,8/9/2012,8/9/2000,2012,NGVD 29
27001900,814.65,8/16/2012,8/16/2000,2012,NGVD 29
27001900,814.55,8/21/2012,8/21/2000,2012,NGVD 29
27001900,814.41,8/29/2012,8/29/2000,2012,NGVD 29
27001900,814.22,9/6/2012,9/6/2000,2012,NGVD 29
27001900,814.07,9/13/2012,9/13/2000,2012,NGVD 29
27001900,813.91,9/18/2012,9/18/2000,2012,NGVD 29
27001900,813.85,9/19/2012,9/19/2000,2012,NGVD 29
27001900,813.76,9/25/2012,9/25/2000,2012,NGVD 29
27001900,813.67,10/1/2012,10/1/2000,2012,NGVD 29
27001900,813.47,10/11/2012,10/11/2000,2012,NGVD 29
27001900,813.42,10/17/2012,10/17/2000,2012,NGVD 29
27001900,813.39,10/22/2012,10/22/2000,2012,NGVD 29
27001900,813.38,10/31/2012,10/31/2000,2012,NGVD 29
27001900,813.35,11/8/2012,11/8/2000,2012,NGVD 29
27001900,813.35,11/13/2012,11/13/2000,2012,NGVD 29
27001900,813.28,11/20/2012,11/20/2000,2012,NGVD 29
27001900,813.23,11/28/2012,11/28/2000,2012,NGVD 29
27001900,814.33,4/25/2013,4/25/2000,2013,NGVD 29
27001900,814.35,5/2/2013,5/2/2000,2013,NGVD 29
27001900,814.33,5/9/2013,5/9/2000,2013,NGVD 29
27001900,814.33,5/14/2013,5/14/2000,2013,NGVD 29
27001900,814.87,5/22/2013,5/22/2000,2013,NGVD 29
27001900,815.03,5/29/2013,5/29/2000,2013,NGVD 29
27001900,815.25,5/30/2013,5/30/2000,2013,NGVD 29
27001900,815.19,6/3/2013,6/3/2000,2013,NGVD 29
27001900,815.15,6/5/2013,6/5/2000,2013,NGVD 29
27001900,815.25,6/12/2013,6/12/2000,2013,NGVD 29
27001900,815.17,6/19/2013,6/19/2000,2013,NGVD 29
27001900,815.35,6/21/2013,6/21/2000,2013,NGVD 29
27001900,815.67,6/24/2013,6/24/2000,2013,NGVD 29
27001900,815.75,7/2/2013,7/2/2000,2013,NGVD 29
27001900,815.65,7/10/2013,7/10/2000,2013,NGVD 29
27001900,815.95,7/15/2013,7/15/2000,2013,NGVD 29
27001900,816.05,7/18/2013,7/18/2000,2013,NGVD 29
27001900,815.94,7/22/2013,7/22/2000,2013,NGVD 29
27001900,815.88,7/24/2013,7/24/2000,2013,NGVD 29
27001900,815.7,7/31/2013,7/31/2000,2013,NGVD 29
27001900,815.76,8/7/2013,8/7/2000,2013,NGVD 29
27001900,815.66,8/12/2013,8/12/2000,2013,NGVD 29
27001900,815.64,8/13/2013,8/13/2000,2013,NGVD 29
27001900,815.56,8/14/2013,8/14/2000,2013,NGVD 29
27001900,815.49,8/15/2013,8/15/2000,2013,NGVD 29
27001900,815.38,8/20/2013,8/20/2000,2013,NGVD 29
27001900,815.24,8/27/2013,8/27/2000,2013,NGVD 29
27001900,815.07,9/3/2013,9/3/2000,2013,NGVD 29
27001900,814.93,9/10/2013,9/10/2000,2013,NGVD 29
27001900,814.8,9/18/2013,9/18/2000,2013,NGVD 29
27001900,814.7,9/24/2013,9/24/2000,2013,NGVD 29
27001900,814.58,10/2/2013,10/2/2000,2013,NGVD 29
27001900,814.68,10/3/2013,10/3/2000,2013,NGVD 29
27001900,814.62,10/9/2013,10/9/2000,2013,NGVD 29
27001900,814.68,10/16/2013,10/16/2000,2013,NGVD 29
27001900,814.66,10/21/2013,10/21/2000,2013,NGVD 29
27001900,814.54,10/28/2013,10/28/2000,2013,NGVD 29
27001900,814.52,11/7/2013,11/7/2000,2013,NGVD 29
27001900,814.44,11/13/2013,11/13/2000,2013,NGVD 29
27001900,814.41,11/20/2013,11/20/2000,2013,NGVD 29
27001900,814.58,4/11/2014,4/11/2000,2014,NGVD 29
27001900,814.64,4/15/2014,4/15/2000,2014,NGVD 29
27001900,814.96,4/25/2014,4/25/2000,2014,NGVD 29
27001900,815.78,5/1/2014,5/1/2000,2014,NGVD 29
27001900,815.94,5/6/2014,5/6/2000,2014,NGVD 29
27001900,816.05,5/9/2014,5/9/2000,2014,NGVD 29
27001900,816.19,5/13/2014,5/13/2000,2014,NGVD 29
27001900,816.61,5/21/2014,5/21/2000,2014,NGVD 29
27001900,816.5,5/27/2014,5/27/2000,2014,NGVD 29
27001900,816.49,5/28/2014,5/28/2000,2014,NGVD 29
27001900,816.42,5/29/2014,5/29/2000,2014,NGVD 29
27001900,816.38,5/30/2014,5/30/2000,2014,NGVD 29
27001900,816.67,6/2/2014,6/2/2000,2014,NGVD 29
27001900,816.7,6/4/2014,6/4/2000,2014,NGVD 29
27001900,816.81,6/10/2014,6/10/2000,2014,NGVD 29
27001900,816.77,6/13/2014,6/13/2000,2014,NGVD 29
27001900,817.07,6/16/2014,6/16/2000,2014,NGVD 29
27001900,817.14,6/17/2014,6/17/2000,2014,NGVD 29
27001900,817.22,6/18/2014,6/18/2000,2014,NGVD 29
27001900,817.78,6/19/2014,6/19/2000,2014,NGVD 29
27001900,817.88,6/20/2014,6/20/2000,2014,NGVD 29
27001900,818.03,6/23/2014,6/23/2000,2014,NGVD 29
27001900,818.03,6/24/2014,6/24/2000,2014,NGVD 29
27001900,818.02,6/25/2014,6/25/2000,2014,NGVD 29
27001900,817.88,6/27/2014,6/27/2000,2014,NGVD 29
27001900,817.98,6/30/2014,6/30/2000,2014,NGVD 29
27001900,817.7,7/3/2014,7/3/2000,2014,NGVD 29
27001900,817.53,7/7/2014,7/7/2000,2014,NGVD 29
27001900,817.33,7/9/2014,7/9/2000,2014,NGVD 29
27001900,817.19,7/10/2014,7/10/2000,2014,NGVD 29
27001900,817.33,7/11/2014,7/11/2000,2014,NGVD 29
27001900,817.33,7/14/2014,7/14/2000,2014,NGVD 29
27001900,817.23,7/15/2014,7/15/2000,2014,NGVD 29
27001900,817.06,7/16/2014,7/16/2000,2014,NGVD 29
27001900,816.91,7/17/2014,7/17/2000,2014,NGVD 29
27001900,816.79,7/18/2014,7/18/2000,2014,NGVD 29
27001900,816.75,7/22/2014,7/22/2000,2014,NGVD 29
27001900,816.62,7/23/2014,7/23/2000,2014,NGVD 29
27001900,816.43,7/28/2014,7/28/2000,2014,NGVD 29
27001900,816.16,7/30/2014,7/30/2000,2014,NGVD 29
27001900,816.06,7/31/2014,7/31/2000,2014,NGVD 29
27001900,816.08,8/4/2014,8/4/2000,2014,NGVD 29
27001900,815.9,8/6/2014,8/6/2000,2014,NGVD 29
27001900,815.72,8/12/2014,8/12/2000,2014,NGVD 29
27001900,815.68,8/21/2014,8/21/2000,2014,NGVD 29
27001900,815.53,8/27/2014,8/27/2000,2014,NGVD 29
27001900,815.5,8/29/2014,8/29/2000,2014,NGVD 29
27001900,815.74,9/4/2014,9/4/2000,2014,NGVD 29
27001900,815.68,9/10/2014,9/10/2000,2014,NGVD 29
27001900,815.54,9/16/2014,9/16/2000,2014,NGVD 29
27001900,815.38,9/18/2014,9/18/2000,2014,NGVD 29
27001900,815.36,9/23/2014,9/23/2000,2014,NGVD 29
27001900,815.31,9/24/2014,9/24/2000,2014,NGVD 29
27001900,815.3,10/3/2014,10/3/2000,2014,NGVD 29
27001900,815.26,10/8/2014,10/8/2000,2014,NGVD 29
27001900,815.16,10/15/2014,10/15/2000,2014,NGVD 29
27001900,815.04,10/22/2014,10/22/2000,2014,NGVD 29
27001900,815,10/29/2014,10/29/2000,2014,NGVD 29
27001900,814.92,11/5/2014,11/5/2000,2014,NGVD 29
27001900,814.86,11/13/2014,11/13/2000,2014,NGVD 29
27001900,814.52,4/1/2015,4/1/2000,2015,NGVD 29
27001900,814.46,4/9/2015,4/9/2000,2015,NGVD 29
27001900,814.56,4/14/2015,4/14/2000,2015,NGVD 29
27001900,814.46,4/22/2015,4/22/2000,2015,NGVD 29
27001900,814.38,5/1/2015,5/1/2000,2015,NGVD 29
27001900,814.37,5/8/2015,5/8/2000,2015,NGVD 29
27001900,814.44,5/13/2015,5/13/2000,2015,NGVD 29
27001900,814.4,5/20/2015,5/20/2000,2015,NGVD 29
27001900,814.52,5/27/2015,5/27/2000,2015,NGVD 29
27001900,814.72,6/4/2015,6/4/2000,2015,NGVD 29
27001900,814.79,6/12/2015,6/12/2000,2015,NGVD 29
27001900,814.72,6/17/2015,6/17/2000,2015,NGVD 29
27001900,815.06,6/22/2015,6/22/2000,2015,NGVD 29
27001900,815.18,7/1/2015,7/1/2000,2015,NGVD 29
27001900,815.5,7/6/2015,7/6/2000,2015,NGVD 29
27001900,815.96,7/15/2015,7/15/2000,2015,NGVD 29
27001900,816.02,7/21/2015,7/21/2000,2015,NGVD 29
27001900,815.78,7/23/2015,7/23/2000,2015,NGVD 29
27001900,815.94,7/28/2015,7/28/2000,2015,NGVD 29
27001900,815.46,8/5/2015,8/5/2000,2015,NGVD 29
27001900,815.54,8/7/2015,8/7/2000,2015,NGVD 29
27001900,815.52,8/10/2015,8/10/2000,2015,NGVD 29
27001900,815.36,8/14/2015,8/14/2000,2015,NGVD 29
27001900,815.48,8/19/2015,8/19/2000,2015,NGVD 29
27001900,815.42,8/24/2015,8/24/2000,2015,NGVD 29
27001900,815.35,8/26/2015,8/26/2000,2015,NGVD 29
27001900,815.32,8/27/2015,8/27/2000,2015,NGVD 29
27001900,815.28,9/2/2015,9/2/2000,2015,NGVD 29
27001900,815.3,9/10/2015,9/10/2000,2015,NGVD 29
27001900,815.13,9/16/2015,9/16/2000,2015,NGVD 29
27001900,815.5,9/23/2015,9/23/2000,2015,NGVD 29
27001900,815.46,9/30/2015,9/30/2000,2015,NGVD 29
27001900,815.32,10/9/2015,10/9/2000,2015,NGVD 29
27001900,815.2,10/15/2015,10/15/2000,2015,NGVD 29
27001900,815.06,10/22/2015,10/22/2000,2015,NGVD 29
27001900,815.2,10/28/2015,10/28/2000,2015,NGVD 29
27001900,815.24,11/5/2015,11/5/2000,2015,NGVD 29
27001900,815.12,11/10/2015,11/10/2000,2015,NGVD 29
27001900,815.82,11/18/2015,11/18/2000,2015,NGVD 29
27001900,815.92,11/25/2015,11/25/2000,2015,NGVD 29
27001900,816.04,12/11/2015,12/11/2000,2015,NGVD 29
27001900,816.08,12/18/2015,12/18/2000,2015,NGVD 29
27001900,815.7,12/21/2015,12/21/2000,2015,NGVD 29
27001900,815.63,12/22/2015,12/22/2000,2015,NGVD 29
27001900,815.58,12/23/2015,12/23/2000,2015,NGVD 29
27001900,815.6,3/24/2016,3/24/2000,2016,NGVD 29
27001900,815.6,4/1/2016,4/1/2000,2016,NGVD 29
27001900,815.38,4/8/2016,4/8/2000,2016,NGVD 29
27001900,815.32,4/14/2016,4/14/2000,2016,NGVD 29
27001900,815.36,4/22/2016,4/22/2000,2016,NGVD 29
27001900,815.52,4/27/2016,4/27/2000,2016,NGVD 29
27001900,815.73,5/3/2016,5/3/2000,2016,NGVD 29
27001900,815.7,5/12/2016,5/12/2000,2016,NGVD 29
27001900,815.72,5/13/2016,5/13/2000,2016,NGVD 29
27001900,815.63,5/18/2016,5/18/2000,2016,NGVD 29
27001900,815.44,5/26/2016,5/26/2000,2016,NGVD 29
27001900,815.38,6/2/2016,6/2/2000,2016,NGVD 29
27001900,815.31,6/8/2016,6/8/2000,2016,NGVD 29
27001900,815.76,6/15/2016,6/15/2000,2016,NGVD 29
27001900,815.82,6/21/2016,6/21/2000,2016,NGVD 29
27001900,815.83,6/27/2016,6/27/2000,2016,NGVD 29
27001900,815.58,6/30/2016,6/30/2000,2016,NGVD 29
27001900,815.46,7/5/2016,7/5/2000,2016,NGVD 29
27001900,815.56,7/6/2016,7/6/2000,2016,NGVD 29
27001900,815.4,7/14/2016,7/14/2000,2016,NGVD 29
27001900,815.3,7/19/2016,7/19/2000,2016,NGVD 29
27001900,815.26,7/22/2016,7/22/2000,2016,NGVD 29
27001900,815.48,7/25/2016,7/25/2000,2016,NGVD 29
27001900,815.58,8/5/2016,8/5/2000,2016,NGVD 29
27001900,815.4,8/8/2016,8/8/2000,2016,NGVD 29
27001900,815.32,8/9/2016,8/9/2000,2016,NGVD 29
27001900,815.34,8/10/2016,8/10/2000,2016,NGVD 29
27001900,815.68,8/11/2016,8/11/2000,2016,NGVD 29
27001900,815.85,8/15/2016,8/15/2000,2016,NGVD 29
27001900,815.89,8/17/2016,8/17/2000,2016,NGVD 29
27001900,815.92,8/19/2016,8/19/2000,2016,NGVD 29
27001900,815.94,8/22/2016,8/22/2000,2016,NGVD 29
27001900,816.28,8/30/2016,8/30/2000,2016,NGVD 29
27001900,815.86,9/3/2016,9/3/2000,2016,NGVD 29
27001900,816.07,9/6/2016,9/6/2000,2016,NGVD 29
27001900,815.97,9/14/2016,9/14/2000,2016,NGVD 29
27001900,815.87,9/15/2016,9/15/2000,2016,NGVD 29
27001900,815.96,9/16/2016,9/16/2000,2016,NGVD 29
27001900,816.22,9/22/2016,9/22/2000,2016,NGVD 29
27001900,816.25,9/23/2016,9/23/2000,2016,NGVD 29
27001900,816.34,9/27/2016,9/27/2000,2016,NGVD 29
27001900,815.68,10/3/2016,10/3/2000,2016,NGVD 29
27001900,815.6,10/4/2016,10/4/2000,2016,NGVD 29
27001900,815.7,10/5/2016,10/5/2000,2016,NGVD 29
27001900,815.86,10/7/2016,10/7/2000,2016,NGVD 29
27001900,815.92,10/12/2016,10/12/2000,2016,NGVD 29
27001900,815.72,10/14/2016,10/14/2000,2016,NGVD 29
27001900,815.9,10/18/2016,10/18/2000,2016,NGVD 29
27001900,815.89,10/19/2016,10/19/2000,2016,NGVD 29
27001900,815.78,10/20/2016,10/20/2000,2016,NGVD 29
27001900,815.62,10/24/2016,10/24/2000,2016,NGVD 29
27001900,815.75,10/26/2016,10/26/2000,2016,NGVD 29
27001900,815.82,10/31/2016,10/31/2000,2016,NGVD 29
27001900,815.8,11/2/2016,11/2/2000,2016,NGVD 29
27001900,815.76,11/3/2016,11/3/2000,2016,NGVD 29
27001900,815.63,11/7/2016,11/7/2000,2016,NGVD 29
27001900,815.58,11/9/2016,11/9/2000,2016,NGVD 29
27001900,815.57,11/10/2016,11/10/2000,2016,NGVD 29
27001900,815.51,11/14/2016,11/14/2000,2016,NGVD 29
27001900,815.49,11/15/2016,11/15/2000,2016,NGVD 29
27001900,815.47,11/17/2016,11/17/2000,2016,NGVD 29
27001900,815.62,11/23/2016,11/23/2000,2016,NGVD 29
27001900,815.92,11/29/2016,11/29/2000,2016,NGVD 29
27001900,815.96,11/30/2016,11/30/2000,2016,NGVD 29
27001900,815.9,12/2/2016,12/2/2000,2016,NGVD 29
27001900,815.76,12/5/2016,12/5/2000,2016,NGVD 29
27001900,815.74,12/7/2016,12/7/2000,2016,NGVD 29
27001900,816.33,3/6/2017,3/6/2000,2017,NGVD 29
27001900,816.35,3/7/2017,3/7/2000,2017,NGVD 29
27001900,815.77,3/10/2017,3/10/2000,2017,NGVD 29
27001900,815.55,3/13/2017,3/13/2000,2017,NGVD 29
27001900,815.43,3/15/2017,3/15/2000,2017,NGVD 29
27001900,815.35,3/17/2017,3/17/2000,2017,NGVD 29
27001900,815.29,3/20/2017,3/20/2000,2017,NGVD 29
27001900,815.25,3/21/2017,3/21/2000,2017,NGVD 29
27001900,815.25,3/23/2017,3/23/2000,2017,NGVD 29
27001900,815.25,4/3/2017,4/3/2000,2017,NGVD 29
27001900,815.2,4/12/2017,4/12/2000,2017,NGVD 29
27001900,815.67,4/20/2017,4/20/2000,2017,NGVD 29
27001900,815.87,4/27/2017,4/27/2000,2017,NGVD 29
27001900,815.97,5/2/2017,5/2/2000,2017,NGVD 29
27001900,816.08,5/3/2017,5/3/2000,2017,NGVD 29
27001900,815.59,5/8/2017,5/8/2000,2017,NGVD 29
27001900,815.59,5/10/2017,5/10/2000,2017,NGVD 29
27001900,815.49,5/11/2017,5/11/2000,2017,NGVD 29
27001900,815.89,5/18/2017,5/18/2000,2017,NGVD 29
27001900,816.46,5/23/2017,5/23/2000,2017,NGVD 29
27001900,816.46,5/24/2017,5/24/2000,2017,NGVD 29
27001900,816.23,5/30/2017,5/30/2000,2017,NGVD 29
27001900,816.19,5/31/2017,5/31/2000,2017,NGVD 29
27001900,816.07,6/6/2017,6/6/2000,2017,NGVD 29
27001900,816.05,6/7/2017,6/7/2000,2017,NGVD 29
27001900,815.79,6/9/2017,6/9/2000,2017,NGVD 29
27001900,816.08,6/14/2017,6/14/2000,2017,NGVD 29
27001900,816.03,6/21/2017,6/21/2000,2017,NGVD 29
27001900,816.07,6/28/2017,6/28/2000,2017,NGVD 29
27001900,816.07,7/5/2017,7/5/2000,2017,NGVD 29
27001900,815.91,7/6/2017,7/6/2000,2017,NGVD 29
27001900,815.35,7/13/2017,7/13/2000,2017,NGVD 29
27001900,815.31,7/18/2017,7/18/2000,2017,NGVD 29
27001900,815.43,7/20/2017,7/20/2000,2017,NGVD 29
27001900,815.63,7/26/2017,7/26/2000,2017,NGVD 29
27001900,815.36,8/1/2017,8/1/2000,2017,NGVD 29
27001900,815.37,8/3/2017,8/3/2000,2017,NGVD 29
27001900,815.29,8/9/2017,8/9/2000,2017,NGVD 29
27001900,815.33,8/10/2017,8/10/2000,2017,NGVD 29
27001900,815.53,8/14/2017,8/14/2000,2017,NGVD 29
27001900,815.92,8/18/2017,8/18/2000,2017,NGVD 29
27001900,816.06,8/25/2017,8/25/2000,2017,NGVD 29
27001900,815.91,8/30/2017,8/30/2000,2017,NGVD 29
27001900,815.45,9/5/2017,9/5/2000,2017,NGVD 29
27001900,815.39,9/7/2017,9/7/2000,2017,NGVD 29
27001900,815.23,9/12/2017,9/12/2000,2017,NGVD 29
27001900,815.22,9/13/2017,9/13/2000,2017,NGVD 29
27001900,815.2,9/15/2017,9/15/2000,2017,NGVD 29
27001900,815.16,9/22/2017,9/22/2000,2017,NGVD 29
27001900,815.18,9/27/2017,9/27/2000,2017,NGVD 29
27001900,815.17,9/28/2017,9/28/2000,2017,NGVD 29
27001900,815.45,10/3/2017,10/3/2000,2017,NGVD 29
27001900,815.77,10/10/2017,10/10/2000,2017,NGVD 29
27001900,815.69,10/12/2017,10/12/2000,2017,NGVD 29
27001900,815.63,10/16/2017,10/16/2000,2017,NGVD 29
27001900,815.45,10/20/2017,10/20/2000,2017,NGVD 29
27001900,815.45,10/23/2017,10/23/2000,2017,NGVD 29
27001900,815.35,10/25/2017,10/25/2000,2017,NGVD 29
27001900,815.25,10/30/2017,10/30/2000,2017,NGVD 29
27001900,815.22,11/1/2017,11/1/2000,2017,NGVD 29
27001900,815.19,11/3/2017,11/3/2000,2017,NGVD 29
27001900,815.17,11/6/2017,11/6/2000,2017,NGVD 29
27001900,815.16,11/8/2017,11/8/2000,2017,NGVD 29
27001900,815.13,11/13/2017,11/13/2000,2017,NGVD 29
27001900,815.13,11/14/2017,11/14/2000,2017,NGVD 29
27001900,815.13,11/20/2017,11/20/2000,2017,NGVD 29
27001900,815.12,11/21/2017,11/21/2000,2017,NGVD 29
27001900,814.99,11/28/2017,11/28/2000,2017,NGVD 29
27001900,815.11,11/29/2017,11/29/2000,2017,NGVD 29
27001900,815.13,11/30/2017,11/30/2000,2017,NGVD 29
27001900,815.15,12/1/2017,12/1/2000,2017,NGVD 29
27001900,815.19,12/4/2017,12/4/2000,2017,NGVD 29
27001900,815.29,12/5/2017,12/5/2000,2017,NGVD 29
27001900,815.24,12/6/2017,12/6/2000,2017,NGVD 29
27001900,815.26,12/7/2017,12/7/2000,2017,NGVD 29
27001900,816,4/12/2018,4/12/2000,2018,NGVD 29
27001900,816.19,4/16/2018,4/16/2000,2018,NGVD 29
27001900,815.88,4/18/2018,4/18/2000,2018,NGVD 29
27001900,815.83,4/19/2018,4/19/2000,2018,NGVD 29
27001900,815.73,4/20/2018,4/20/2000,2018,NGVD 29
27001900,815.65,4/23/2018,4/23/2000,2018,NGVD 29
27001900,815.59,4/24/2018,4/24/2000,2018,NGVD 29
27001900,815.61,4/27/2018,4/27/2000,2018,NGVD 29
27001900,815.55,4/30/2018,4/30/2000,2018,NGVD 29
27001900,815.57,5/1/2018,5/1/2000,2018,NGVD 29
27001900,815.67,5/4/2018,5/4/2000,2018,NGVD 29
27001900,815.63,5/8/2018,5/8/2000,2018,NGVD 29
27001900,815.5,5/16/2018,5/16/2000,2018,NGVD 29
27001900,815.46,5/17/2018,5/17/2000,2018,NGVD 29
27001900,815.4,5/23/2018,5/23/2000,2018,NGVD 29
27001900,815.33,5/29/2018,5/29/2000,2018,NGVD 29
27001900,815.45,5/30/2018,5/30/2000,2018,NGVD 29
27001900,815.5,6/4/2018,6/4/2000,2018,NGVD 29
27001900,815.45,6/6/2018,6/6/2000,2018,NGVD 29
27001900,815.37,6/13/2018,6/13/2000,2018,NGVD 29
27001900,815.3,6/15/2018,6/15/2000,2018,NGVD 29
27001900,815.55,6/18/2018,6/18/2000,2018,NGVD 29
27001900,815.49,6/22/2018,6/22/2000,2018,NGVD 29
27001900,815.43,6/25/2018,6/25/2000,2018,NGVD 29
27001900,815.51,6/26/2018,6/26/2000,2018,NGVD 29
27001900,815.45,6/29/2018,6/29/2000,2018,NGVD 29
27001900,815.61,7/2/2018,7/2/2000,2018,NGVD 29
27001900,815.73,7/5/2018,7/5/2000,2018,NGVD 29
27001900,815.73,7/6/2018,7/6/2000,2018,NGVD 29
27001900,815.47,7/9/2018,7/9/2000,2018,NGVD 29
27001900,815.37,7/11/2018,7/11/2000,2018,NGVD 29
27001900,815.63,7/13/2018,7/13/2000,2018,NGVD 29
27001900,815.36,7/18/2018,7/18/2000,2018,NGVD 29
27001900,815.29,7/24/2018,7/24/2000,2018,NGVD 29
27001900,815.19,7/26/2018,7/26/2000,2018,NGVD 29
27001900,815.13,7/30/2018,7/30/2000,2018,NGVD 29
27001900,815.17,8/6/2018,8/6/2000,2018,NGVD 29
27001900,814.95,8/13/2018,8/13/2000,2018,NGVD 29
27001900,814.99,8/15/2018,8/15/2000,2018,NGVD 29
27001900,814.96,8/17/2018,8/17/2000,2018,NGVD 29
27001900,814.91,8/20/2018,8/20/2000,2018,NGVD 29
27001900,814.87,8/28/2018,8/28/2000,2018,NGVD 29
27001900,814.87,8/29/2018,8/29/2000,2018,NGVD 29
27001900,814.95,9/5/2018,9/5/2000,2018,NGVD 29
27001900,814.92,9/7/2018,9/7/2000,2018,NGVD 29
27001900,814.89,9/10/2018,9/10/2000,2018,NGVD 29
27001900,814.79,9/14/2018,9/14/2000,2018,NGVD 29
27001900,814.73,9/17/2018,9/17/2000,2018,NGVD 29
27001900,814.87,9/18/2018,9/18/2000,2018,NGVD 29
27001900,815.01,9/20/2018,9/20/2000,2018,NGVD 29
27001900,815.67,9/21/2018,9/21/2000,2018,NGVD 29
27001900,815.95,9/24/2018,9/24/2000,2018,NGVD 29
27001900,815.97,9/25/2018,9/25/2000,2018,NGVD 29
27001900,815.8,9/27/2018,9/27/2000,2018,NGVD 29
27001900,815.7,9/28/2018,9/28/2000,2018,NGVD 29
27001900,815.49,10/1/2018,10/1/2000,2018,NGVD 29
27001900,815.47,10/3/2018,10/3/2000,2018,NGVD 29
27001900,815.63,10/9/2018,10/9/2000,2018,NGVD 29
27001900,815.79,10/10/2018,10/10/2000,2018,NGVD 29
27001900,815.46,10/15/2018,10/15/2000,2018,NGVD 29
27001900,815.49,10/16/2018,10/16/2000,2018,NGVD 29
27001900,815.33,10/18/2018,10/18/2000,2018,NGVD 29
27001900,815.23,10/22/2018,10/22/2000,2018,NGVD 29
27001900,815.21,10/25/2018,10/25/2000,2018,NGVD 29
27001900,815.35,10/29/2018,10/29/2000,2018,NGVD 29
27001900,815.38,10/30/2018,10/30/2000,2018,NGVD 29
27001900,815.39,10/31/2018,10/31/2000,2018,NGVD 29
27001900,815.39,11/1/2018,11/1/2000,2018,NGVD 29
27001900,815.39,11/2/2018,11/2/2000,2018,NGVD 29
27001900,815.37,11/5/2018,11/5/2000,2018,NGVD 29
27001900,815.37,11/6/2018,11/6/2000,2018,NGVD 29
27001900,815.39,11/8/2018,11/8/2000,2018,NGVD 29
27001900,815.37,11/9/2018,11/9/2000,2018,NGVD 29
27001900,815.31,11/13/2018,11/13/2000,2018,NGVD 29
27001900,815.25,11/15/2018,11/15/2000,2018,NGVD 29
27001900,815.25,11/16/2018,11/16/2000,2018,NGVD 29
27001900,815.23,11/19/2018,11/19/2000,2018,NGVD 29
27001900,815.22,11/20/2018,11/20/2000,2018,NGVD 29
27001900,815.21,11/21/2018,11/21/2000,2018,NGVD 29
27001900,815.22,11/26/2018,11/26/2000,2018,NGVD 29
27001900,815.23,11/27/2018,11/27/2000,2018,NGVD 29
27001900,815.22,11/28/2018,11/28/2000,2018,NGVD 29
27001900,815.22,12/3/2018,12/3/2000,2018,NGVD 29
27001900,815.2,12/4/2018,12/4/2000,2018,NGVD 29
27001900,815.2,12/5/2018,12/5/2000,2018,NGVD 29
27001900,815.19,12/6/2018,12/6/2000,2018,NGVD 29
27001900,815.19,12/7/2018,12/7/2000,2018,NGVD 29
27001900,815.18,12/10/2018,12/10/2000,2018,NGVD 29
27001900,815.18,12/11/2018,12/11/2000,2018,NGVD 29
27001900,815.18,12/12/2018,12/12/2000,2018,NGVD 29
27001900,815.17,12/17/2018,12/17/2000,2018,NGVD 29
27001900,815.17,12/18/2018,12/18/2000,2018,NGVD 29
27001900,815.15,12/19/2018,12/19/2000,2018,NGVD 29
27001900,815.37,12/31/2018,12/31/2000,2018,NGVD 29
27001900,815.35,1/2/2019,1/2/2000,2019,NGVD 29
27001900,815.33,1/4/2019,1/4/2000,2019,NGVD 29
27001900,815.27,1/7/2019,1/7/2000,2019,NGVD 29
27001900,815.23,1/10/2019,1/10/2000,2019,NGVD 29
27001900,815.19,1/14/2019,1/14/2000,2019,NGVD 29
27001900,815.19,1/15/2019,1/15/2000,2019,NGVD 29
27001900,815.17,1/17/2019,1/17/2000,2019,NGVD 29
27001900,815.79,3/15/2019,3/15/2000,2019,NGVD 29
27001900,816.4,3/19/2019,3/19/2000,2019,NGVD 29
27001900,816.39,3/21/2019,3/21/2000,2019,NGVD 29
27001900,816.27,3/22/2019,3/22/2000,2019,NGVD 29
27001900,815.94,3/25/2019,3/25/2000,2019,NGVD 29
27001900,815.84,3/26/2019,3/26/2000,2019,NGVD 29
27001900,815.83,3/27/2019,3/27/2000,2019,NGVD 29
27001900,815.75,3/28/2019,3/28/2000,2019,NGVD 29
27001900,815.69,3/29/2019,3/29/2000,2019,NGVD 29
27001900,815.75,4/1/2019,4/1/2000,2019,NGVD 29
27001900,815.77,4/2/2019,4/2/2000,2019,NGVD 29
27001900,815.79,4/3/2019,4/3/2000,2019,NGVD 29
27001900,815.75,4/4/2019,4/4/2000,2019,NGVD 29
27001900,815.81,4/5/2019,4/5/2000,2019,NGVD 29
27001900,816.01,4/8/2019,4/8/2000,2019,NGVD 29
27001900,816.05,4/9/2019,4/9/2000,2019,NGVD 29
27001900,816.2,4/11/2019,4/11/2000,2019,NGVD 29
27001900,816.19,4/12/2019,4/12/2000,2019,NGVD 29
27001900,816.27,4/15/2019,4/15/2000,2019,NGVD 29
27001900,816.09,4/16/2019,4/16/2000,2019,NGVD 29
27001900,815.9,4/17/2019,4/17/2000,2019,NGVD 29
27001900,816.15,4/18/2019,4/18/2000,2019,NGVD 29
27001900,816.17,4/19/2019,4/19/2000,2019,NGVD 29
27001900,816.26,4/22/2019,4/22/2000,2019,NGVD 29
27001900,816.31,4/23/2019,4/23/2000,2019,NGVD 29
27001900,816.2,4/24/2019,4/24/2000,2019,NGVD 29
27001900,816.1,4/25/2019,4/25/2000,2019,NGVD 29
27001900,816.02,4/29/2019,4/29/2000,2019,NGVD 29
27001900,816.07,5/1/2019,5/1/2000,2019,NGVD 29
27001900,815.87,5/6/2019,5/6/2000,2019,NGVD 29
27001900,815.83,5/8/2019,5/8/2000,2019,NGVD 29
27001900,816.08,5/9/2019,5/9/2000,2019,NGVD 29
27001900,816.17,5/13/2019,5/13/2000,2019,NGVD 29
27001900,816.04,5/15/2019,5/15/2000,2019,NGVD 29
27001900,816.33,5/17/2019,5/17/2000,2019,NGVD 29
27001900,816.33,5/20/2019,5/20/2000,2019,NGVD 29
27001900,816.49,5/22/2019,5/22/2000,2019,NGVD 29
27001900,816.59,5/24/2019,5/24/2000,2019,NGVD 29
27001900,816.88,5/28/2019,5/28/2000,2019,NGVD 29
27001900,816.97,5/29/2019,5/29/2000,2019,NGVD 29
27001900,817.01,5/30/2019,5/30/2000,2019,NGVD 29
27001900,817,5/31/2019,5/31/2000,2019,NGVD 29
27001900,816.91,6/3/2019,6/3/2000,2019,NGVD 29
27001900,816.65,6/4/2019,6/4/2000,2019,NGVD 29
27001900,816.67,6/5/2019,6/5/2000,2019,NGVD 29
27001900,816.51,6/6/2019,6/6/2000,2019,NGVD 29
27001900,816.36,6/7/2019,6/7/2000,2019,NGVD 29
27001900,816.23,6/10/2019,6/10/2000,2019,NGVD 29
27001900,816.17,6/11/2019,6/11/2000,2019,NGVD 29
27001900,816.07,6/13/2019,6/13/2000,2019,NGVD 29
27001900,816.07,6/14/2019,6/14/2000,2019,NGVD 29
27001900,816.02,6/17/2019,6/17/2000,2019,NGVD 29
27001900,815.72,6/19/2019,6/19/2000,2019,NGVD 29
27001900,815.67,6/20/2019,6/20/2000,2019,NGVD 29
27001900,815.63,6/21/2019,6/21/2000,2019,NGVD 29
27001900,815.85,6/25/2019,6/25/2000,2019,NGVD 29
27001900,815.75,6/26/2019,6/26/2000,2019,NGVD 29
27001900,815.94,7/1/2019,7/1/2000,2019,NGVD 29
27001900,816.25,7/2/2019,7/2/2000,2019,NGVD 29
27001900,816.35,7/3/2019,7/3/2000,2019,NGVD 29
27001900,816.62,7/8/2019,7/8/2000,2019,NGVD 29
27001900,816.29,7/11/2019,7/11/2000,2019,NGVD 29
27001900,816.07,7/12/2019,7/12/2000,2019,NGVD 29
27001900,815.67,7/15/2019,7/15/2000,2019,NGVD 29
27001900,815.93,7/16/2019,7/16/2000,2019,NGVD 29
27001900,816,7/17/2019,7/17/2000,2019,NGVD 29
27001900,816.32,7/22/2019,7/22/2000,2019,NGVD 29
27001900,815.92,7/24/2019,7/24/2000,2019,NGVD 29
27001900,815.85,7/25/2019,7/25/2000,2019,NGVD 29
27001900,815.75,7/26/2019,7/26/2000,2019,NGVD 29
27001900,815.85,7/29/2019,7/29/2000,2019,NGVD 29
27001900,815.74,7/30/2019,7/30/2000,2019,NGVD 29
27001900,815.59,8/1/2019,8/1/2000,2019,NGVD 29
27001900,815.43,8/6/2019,8/6/2000,2019,NGVD 29
27001900,815.35,8/8/2019,8/8/2000,2019,NGVD 29
27001900,815.37,8/12/2019,8/12/2000,2019,NGVD 29
27001900,815.43,8/14/2019,8/14/2000,2019,NGVD 29
27001900,815.63,8/16/2019,8/16/2000,2019,NGVD 29
27001900,816.2,8/19/2019,8/19/2000,2019,NGVD 29
27001900,816.37,8/20/2019,8/20/2000,2019,NGVD 29
27001900,816.5,8/21/2019,8/21/2000,2019,NGVD 29
27001900,816,8/23/2019,8/23/2000,2019,NGVD 29
27001900,815.82,8/26/2019,8/26/2000,2019,NGVD 29
27001900,816,8/27/2019,8/27/2000,2019,NGVD 29
27001900,816.02,8/28/2019,8/28/2000,2019,NGVD 29
27001900,815.89,8/29/2019,8/29/2000,2019,NGVD 29
27001900,815.79,8/30/2019,8/30/2000,2019,NGVD 29
27001900,815.65,9/3/2019,9/3/2000,2019,NGVD 29
27001900,815.61,9/4/2019,9/4/2000,2019,NGVD 29
27001900,815.49,9/6/2019,9/6/2000,2019,NGVD 29
27001900,815.45,9/9/2019,9/9/2000,2019,NGVD 29
27001900,815.48,9/10/2019,9/10/2000,2019,NGVD 29
27001900,815.65,9/11/2019,9/11/2000,2019,NGVD 29
27001900,815.75,9/12/2019,9/12/2000,2019,NGVD 29
27001900,815.93,9/13/2019,9/13/2000,2019,NGVD 29
27001900,815.65,9/24/2019,9/24/2000,2019,NGVD 29
