id,date,elevation
CMH01,4/12/2017,925.9830769
CMH01,4/13/2017,926.065
CMH01,4/14/2017,926.1352083
CMH01,4/15/2017,926.4035417
CMH01,4/16/2017,926.4755208
CMH01,4/17/2017,926.5077083
CMH01,4/18/2017,926.6371875
CMH01,4/19/2017,926.701875
CMH01,4/20/2017,926.7842708
CMH01,4/21/2017,926.759375
CMH01,4/22/2017,926.5879167
CMH01,4/23/2017,926.5369792
CMH01,4/24/2017,926.5497917
CMH01,4/25/2017,926.6920833
CMH01,4/26/2017,926.7302083
CMH01,4/27/2017,926.6747917
CMH01,4/28/2017,926.6919792
CMH01,4/29/2017,926.6342708
CMH01,4/30/2017,926.5960417
CMH01,5/1/2017,926.6779167
CMH01,5/2/2017,926.6763542
CMH01,5/3/2017,926.66875
CMH01,5/4/2017,926.6583333
CMH01,5/5/2017,926.55875
CMH01,5/6/2017,926.286875
CMH01,5/7/2017,926.189375
CMH01,5/8/2017,926.1140625
CMH01,5/9/2017,926.05
CMH01,5/10/2017,926.1733333
CMH01,5/11/2017,926.5022917
CMH01,5/12/2017,926.5954167
CMH01,5/13/2017,926.6195833
CMH01,5/14/2017,926.6496875
CMH01,5/15/2017,926.5514583
CMH01,5/16/2017,926.2182292
CMH01,5/17/2017,926.2330208
CMH01,5/18/2017,926.3933333
CMH01,5/19/2017,926.78125
CMH01,5/20/2017,926.9179167
CMH01,5/21/2017,926.9928125
CMH01,5/22/2017,927.0773958
CMH01,5/23/2017,927.2623958
CMH01,5/24/2017,927.2951042
CMH01,5/25/2017,927.3470833
CMH01,5/26/2017,927.3373958
CMH01,5/27/2017,927.3854167
CMH01,5/28/2017,927.4173958
CMH01,5/29/2017,927.3755208
CMH01,5/30/2017,927.3523958
CMH01,5/31/2017,927.3209375
CMH01,6/1/2017,927.2315625
CMH01,6/2/2017,926.9932292
CMH01,6/3/2017,926.9294792
CMH01,6/4/2017,926.8977083
CMH01,6/5/2017,926.8630208
CMH01,6/6/2017,926.8328125
CMH01,6/7/2017,926.8007292
CMH01,6/8/2017,926.7797917
CMH01,6/9/2017,926.7428125
CMH01,6/10/2017,926.7209375
CMH01,6/11/2017,926.7667708
CMH01,6/12/2017,926.79
CMH01,6/13/2017,926.8197917
CMH01,6/14/2017,926.8416667
CMH01,6/15/2017,926.7607292
CMH01,6/16/2017,926.7228125
CMH01,6/17/2017,926.6920833
CMH01,6/18/2017,926.6763542
CMH01,6/19/2017,926.6408333
CMH01,6/20/2017,926.6178125
CMH01,6/21/2017,926.5069792
CMH01,6/22/2017,926.3171875
CMH01,6/23/2017,926.3288542
CMH01,6/24/2017,926.4713542
CMH01,6/25/2017,926.4880208
CMH01,6/26/2017,926.4186458
CMH01,6/27/2017,926.2725
CMH01,6/28/2017,926.2682292
CMH01,6/29/2017,926.2483333
CMH01,6/30/2017,926.1057292
CMH01,7/1/2017,925.6979167
CMH01,7/2/2017,925.4978125
CMH01,7/3/2017,925.4277083
CMH01,7/4/2017,925.4052083
CMH01,7/5/2017,925.4282292
CMH01,7/6/2017,925.3972917
CMH01,7/7/2017,925.3814583
CMH01,7/8/2017,925.3610417
CMH01,7/9/2017,925.3515625
CMH01,7/10/2017,925.3342708
CMH01,7/11/2017,925.3184375
CMH01,7/12/2017,925.316875
CMH01,7/13/2017,925.3167708
CMH01,7/14/2017,925.2886458
CMH01,7/15/2017,925.2230208
CMH01,7/16/2017,925.204375
CMH01,7/17/2017,925.2130208
CMH01,7/18/2017,925.45625
CMH01,7/19/2017,925.3158333
CMH01,7/20/2017,925.355
CMH01,7/21/2017,925.3502083
CMH01,7/22/2017,925.3348958
CMH01,7/23/2017,925.3190625
CMH01,7/24/2017,925.2982292
CMH01,7/25/2017,925.3282292
CMH01,7/26/2017,925.4813542
CMH01,7/27/2017,925.444375
CMH01,7/28/2017,925.4264583
CMH01,7/29/2017,925.4188542
CMH01,7/30/2017,925.4160417
CMH01,7/31/2017,925.4125
CMH01,8/1/2017,925.4119792
CMH01,8/2/2017,925.36125
CMH01,8/3/2017,925.2097917
CMH01,8/4/2017,925.1380208
CMH01,8/5/2017,925.0939583
CMH01,8/6/2017,925.0786458
CMH01,8/7/2017,925.0726042
CMH01,8/8/2017,925.0597917
CMH01,8/9/2017,925.0901042
CMH01,8/10/2017,925.1439583
CMH01,8/11/2017,925.0703125
CMH01,8/12/2017,925.07
CMH01,8/13/2017,925.0779167
CMH01,8/14/2017,925.1753125
CMH01,8/15/2017,925.1289583
CMH01,8/16/2017,925.2207292
CMH01,8/17/2017,925.6638542
CMH01,8/18/2017,926.2354167
CMH01,8/19/2017,926.3865625
CMH01,8/20/2017,926.3853125
CMH01,8/21/2017,926.36625
CMH01,8/22/2017,926.3514583
CMH01,8/23/2017,926.3213542
CMH01,8/24/2017,926.2909375
CMH01,8/25/2017,926.2796875
CMH01,8/26/2017,926.559375
CMH01,8/27/2017,926.5004167
CMH01,8/28/2017,926.4320833
CMH01,8/29/2017,926.3391667
CMH01,8/30/2017,926.3041667
CMH01,8/31/2017,926.2628125
CMH01,9/1/2017,926.2411458
CMH01,9/2/2017,926.2392708
CMH01,9/3/2017,926.2194792
CMH01,9/4/2017,926.2171875
CMH01,9/5/2017,926.2560417
CMH01,9/6/2017,926.3714583
CMH01,9/7/2017,926.4344792
CMH01,9/8/2017,926.4119792
CMH01,9/9/2017,926.394375
CMH01,9/10/2017,926.3888542
CMH01,9/11/2017,926.3882292
CMH01,9/12/2017,926.3747917
CMH01,9/13/2017,926.3569792
CMH01,9/14/2017,926.3563542
CMH01,9/15/2017,926.3584375
CMH01,9/16/2017,926.37
CMH01,9/17/2017,926.3723958
CMH01,9/18/2017,926.36875
CMH01,9/19/2017,926.355625
CMH01,9/20/2017,926.3936458
CMH01,9/21/2017,926.360625
CMH01,9/22/2017,926.315
CMH01,9/23/2017,926.21625
CMH01,9/24/2017,926.18875
CMH01,9/25/2017,926.2441667
CMH01,9/26/2017,926.2509375
CMH01,9/27/2017,926.2358333
CMH01,9/28/2017,926.2708333
CMH01,9/29/2017,926.3796875
CMH01,9/30/2017,926.3916667
CMH01,10/1/2017,926.410625
CMH01,10/2/2017,926.5147917
CMH01,10/3/2017,926.7257292
CMH01,10/4/2017,926.66375
CMH01,10/5/2017,926.6136458
CMH01,10/6/2017,926.6222917
CMH01,10/7/2017,926.7010417
CMH01,10/8/2017,926.6944792
CMH01,10/9/2017,926.6857292
CMH01,10/10/2017,926.6917708
CMH01,10/11/2017,926.6803125
CMH01,10/12/2017,926.6726042
CMH01,10/13/2017,926.6726042
CMH01,10/14/2017,926.6685417
CMH01,10/15/2017,926.7188542
CMH01,10/16/2017,926.6894792
CMH01,10/17/2017,926.6719792
CMH01,10/18/2017,926.6961458
CMH01,10/19/2017,926.7429167
CMH01,10/20/2017,926.7303125
CMH01,10/21/2017,926.7466667
CMH01,10/22/2017,926.7615625
CMH01,10/23/2017,926.7532292
CMH01,10/24/2017,926.7536458
CMH01,10/25/2017,926.6944792
CMH01,10/26/2017,926.6638542
CMH01,10/27/2017,926.68375
CMH01,5/1/2018,926.9702326
CMH01,5/2/2018,927.0469792
CMH01,5/3/2018,927.1721875
CMH01,5/4/2018,927.2720833
CMH01,5/5/2018,927.3055208
CMH01,5/6/2018,927.2745833
CMH01,5/7/2018,926.9997917
CMH01,5/8/2018,926.7825
CMH01,5/9/2018,926.6954167
CMH01,5/10/2018,926.5652083
CMH01,5/11/2018,926.5389583
CMH01,5/12/2018,926.5694792
CMH01,5/13/2018,926.5780208
CMH01,5/14/2018,926.5825
CMH01,5/15/2018,926.5784375
CMH01,5/16/2018,926.5716667
CMH01,5/17/2018,926.5611458
CMH01,5/18/2018,926.3394792
CMH01,5/19/2018,925.6775
CMH01,5/20/2018,925.420625
CMH01,5/21/2018,925.3438542
CMH01,5/22/2018,925.2734375
CMH01,5/23/2018,925.235
CMH01,5/24/2018,925.0820833
CMH01,5/25/2018,925.3711458
CMH01,5/26/2018,925.9663542
CMH01,5/27/2018,926.0544792
CMH01,5/28/2018,926.0784375
CMH01,5/29/2018,926.1146875
CMH01,5/30/2018,926.3111458
CMH01,5/31/2018,926.4839583
CMH01,6/1/2018,926.5198958
CMH01,6/2/2018,926.57625
CMH01,6/3/2018,926.6034375
CMH01,6/4/2018,926.6044792
CMH01,6/5/2018,926.6075
CMH01,6/6/2018,926.6180208
CMH01,6/7/2018,926.6121875
CMH01,6/8/2018,926.5416667
CMH01,6/9/2018,926.3916667
CMH01,6/10/2018,926.3453125
CMH01,6/11/2018,926.3469792
CMH01,6/12/2018,926.4196875
CMH01,6/13/2018,926.5615625
CMH01,6/14/2018,926.4698958
CMH01,6/15/2018,926.1388542
CMH01,6/16/2018,925.9755208
CMH01,6/17/2018,925.9110417
CMH01,6/18/2018,926.1783333
CMH01,6/19/2018,926.6747917
CMH01,6/20/2018,926.7151042
CMH01,6/21/2018,926.6057292
CMH01,6/22/2018,926.5353125
CMH01,6/23/2018,926.3320833
CMH01,6/24/2018,926.240625
CMH01,6/25/2018,926.1825
CMH01,6/26/2018,926.2542708
CMH01,6/27/2018,926.4640625
CMH01,6/28/2018,926.5071875
CMH01,6/29/2018,926.2948958
CMH01,6/30/2018,926.1140625
CMH01,7/1/2018,926.1441667
CMH01,7/2/2018,926.2467708
CMH01,7/3/2018,926.4130208
CMH01,7/4/2018,926.5053125
CMH01,7/5/2018,926.5117708
CMH01,7/6/2018,926.5154167
CMH01,7/7/2018,926.5075
CMH01,7/8/2018,926.4991667
CMH01,7/9/2018,926.5045833
CMH01,7/10/2018,926.5178125
CMH01,7/11/2018,926.5094792
CMH01,7/12/2018,926.5489583
CMH01,7/13/2018,926.6639583
CMH01,7/14/2018,926.6702083
CMH01,7/15/2018,926.6596875
CMH01,7/16/2018,926.6654167
CMH01,7/17/2018,926.5994792
CMH01,7/18/2018,926.2863542
CMH01,7/19/2018,926.1265625
CMH01,7/20/2018,926.1980208
CMH01,7/21/2018,926.4164583
CMH01,7/22/2018,926.4432292
CMH01,7/23/2018,926.4177083
CMH01,7/24/2018,926.3236458
CMH01,7/25/2018,926.284375
CMH01,7/26/2018,926.1311458
CMH01,7/27/2018,925.7104167
CMH01,7/28/2018,925.5252083
CMH01,7/29/2018,925.4897917
CMH01,7/30/2018,925.4722917
CMH01,7/31/2018,925.4439583
CMH01,8/1/2018,925.4528125
CMH01,8/2/2018,925.4442708
CMH01,8/3/2018,925.4441667
CMH01,8/4/2018,925.474375
CMH01,8/5/2018,925.4585417
CMH01,8/6/2018,925.4441667
CMH01,8/7/2018,925.4309375
CMH01,8/8/2018,925.4207292
CMH01,8/9/2018,925.4098958
CMH01,8/10/2018,925.3986458
CMH01,8/11/2018,925.3935417
CMH01,8/12/2018,925.3855208
CMH01,8/13/2018,925.3817708
CMH01,8/14/2018,925.3829167
CMH01,8/15/2018,925.3734375
CMH01,8/16/2018,925.3670833
CMH01,8/17/2018,925.3661458
CMH01,8/18/2018,925.360625
CMH01,8/19/2018,925.3555208
CMH01,8/20/2018,925.345625
CMH01,8/21/2018,925.306875
CMH01,8/22/2018,925.2563542
CMH01,8/23/2018,925.1751042
CMH01,8/24/2018,925.2076042
CMH01,8/25/2018,925.1940625
CMH01,8/26/2018,925.1716667
CMH01,8/27/2018,925.1876042
CMH01,8/28/2018,925.2405208
CMH01,8/29/2018,925.2417708
CMH01,8/30/2018,925.2213542
CMH01,8/31/2018,925.2257292
CMH01,9/1/2018,925.220625
CMH01,9/2/2018,925.2460417
CMH01,9/3/2018,925.2342708
CMH01,9/4/2018,925.2782292
CMH01,9/5/2018,925.3128125
CMH01,9/6/2018,925.259375
CMH01,9/7/2018,925.2409375
CMH01,9/8/2018,925.2269792
CMH01,9/9/2018,925.2241667
CMH01,9/10/2018,925.243125
CMH01,9/11/2018,925.2384375
CMH01,9/12/2018,925.2405208
CMH01,9/13/2018,925.2380208
CMH01,9/14/2018,925.2479167
CMH01,9/15/2018,925.2465625
CMH01,9/16/2018,925.2446875
CMH01,9/17/2018,925.2795833
CMH01,9/18/2018,925.4158333
CMH01,9/19/2018,925.3594792
CMH01,9/20/2018,925.6775
CMH01,9/21/2018,926.0948958
CMH01,9/22/2018,926.29875
CMH01,9/23/2018,926.3132292
CMH01,9/24/2018,926.295
CMH01,9/25/2018,926.3397917
CMH01,9/26/2018,926.3969792
CMH01,9/27/2018,926.5303125
CMH01,9/28/2018,926.5235417
CMH01,9/29/2018,926.3177083
CMH01,9/30/2018,926.2509375
CMH01,10/1/2018,926.1620833
CMH01,10/2/2018,925.7913542
CMH01,10/3/2018,925.8313542
CMH01,10/4/2018,925.9773958
CMH01,10/5/2018,925.9707292
CMH01,10/6/2018,925.6954167
CMH01,10/7/2018,925.609375
CMH01,10/8/2018,925.5894792
CMH01,10/9/2018,925.5878125
CMH01,10/10/2018,925.808125
CMH01,10/11/2018,925.9884375
CMH01,10/12/2018,925.9832292
CMH01,10/13/2018,926.0354167
CMH01,10/14/2018,926.040625
CMH01,10/15/2018,926.0251042
CMH01,10/16/2018,926.0111458
CMH01,10/17/2018,925.9940625
CMH01,10/18/2018,925.985
CMH01,10/19/2018,926.1040625
CMH01,10/20/2018,926.3636458
CMH01,10/21/2018,926.35875
CMH01,10/22/2018,926.2951042
CMH01,10/23/2018,926.1135417
CMH01,10/24/2018,926.0695745
CLG01,4/7/2017,943.902623
CLG01,4/8/2017,943.9072917
CLG01,4/9/2017,943.9214583
CLG01,4/10/2017,943.9473958
CLG01,4/11/2017,944.0802083
CLG01,4/12/2017,944.1461458
CLG01,4/13/2017,944.1734375
CLG01,4/14/2017,944.1763542
CLG01,4/15/2017,944.2603125
CLG01,4/16/2017,944.3138542
CLG01,4/17/2017,944.24125
CLG01,4/18/2017,944.2019792
CLG01,4/19/2017,944.2286458
CLG01,4/20/2017,944.3089583
CLG01,4/21/2017,944.3057292
CLG01,4/22/2017,944.2895833
CLG01,4/23/2017,944.2732292
CLG01,4/24/2017,944.2513542
CLG01,4/25/2017,944.2470833
CLG01,4/26/2017,944.31125
CLG01,4/27/2017,944.3316667
CLG01,4/28/2017,944.32
CLG01,4/29/2017,944.2979167
CLG01,4/30/2017,944.2765625
CLG01,5/1/2017,944.403125
CLG01,5/2/2017,944.4073958
CLG01,5/3/2017,944.3751042
CLG01,5/4/2017,944.3546875
CLG01,5/5/2017,944.3253125
CLG01,5/6/2017,944.2946875
CLG01,5/7/2017,944.2607292
CLG01,5/8/2017,944.2286458
CLG01,5/9/2017,944.2260417
CLG01,5/10/2017,944.2067708
CLG01,5/11/2017,944.1813542
CLG01,5/12/2017,944.150625
CLG01,5/13/2017,944.1241667
CLG01,5/14/2017,944.0973958
CLG01,5/15/2017,944.0888542
CLG01,5/16/2017,944.1094792
CLG01,5/17/2017,944.1933333
CLG01,5/18/2017,944.4552083
CLG01,5/19/2017,944.5072917
CLG01,5/20/2017,944.6163542
CLG01,5/21/2017,944.8359375
CLG01,5/22/2017,944.8333333
CLG01,5/23/2017,944.8082292
CLG01,5/24/2017,944.7597917
CLG01,5/25/2017,944.6966667
CLG01,5/26/2017,944.6377083
CLG01,5/27/2017,944.5730208
CLG01,5/28/2017,944.5164583
CLG01,5/29/2017,944.4664583
CLG01,5/30/2017,944.4171875
CLG01,5/31/2017,944.3802062
CLG01,6/1/2017,944.349375
CLG01,6/2/2017,944.3040625
CLG01,6/3/2017,944.2641667
CLG01,6/4/2017,944.2263542
CLG01,6/5/2017,944.1855208
CLG01,6/6/2017,944.1472917
CLG01,6/7/2017,944.1145833
CLG01,6/8/2017,944.0828125
CLG01,6/9/2017,944.056875
CLG01,6/10/2017,944.0194792
CLG01,6/11/2017,944.0583333
CLG01,6/12/2017,944.0742268
CLG01,6/13/2017,944.0522917
CLG01,6/14/2017,944.1396875
CLG01,6/15/2017,944.1365625
CLG01,6/16/2017,944.1111458
CLG01,6/17/2017,944.09
CLG01,6/18/2017,944.0819792
CLG01,6/19/2017,944.0545833
CLG01,6/20/2017,944.0395833
CLG01,6/21/2017,944.015
CLG01,6/22/2017,944.0146875
CLG01,6/23/2017,944.0201042
CLG01,6/24/2017,943.9982292
CLG01,6/25/2017,943.9778125
CLG01,6/26/2017,943.9533333
CLG01,6/27/2017,943.9303125
CLG01,6/28/2017,943.9545833
CLG01,6/29/2017,943.9636458
CLG01,6/30/2017,943.9655208
CLG01,7/1/2017,943.9844792
CLG01,7/2/2017,943.9660417
CLG01,7/3/2017,943.9419792
CLG01,7/4/2017,943.9171875
CLG01,7/5/2017,943.9671875
CLG01,7/6/2017,943.9541667
CLG01,7/7/2017,943.92875
CLG01,7/8/2017,943.9035417
CLG01,7/9/2017,943.8857292
CLG01,7/10/2017,943.8716667
CLG01,7/11/2017,943.8520833
CLG01,7/12/2017,943.8486458
CLG01,7/13/2017,943.8305208
CLG01,7/14/2017,943.8114583
CLG01,7/15/2017,943.7910417
CLG01,7/16/2017,943.7703125
CLG01,7/17/2017,943.7597917
CLG01,7/18/2017,943.966875
CLG01,7/19/2017,943.9889583
CLG01,7/20/2017,943.98625
CLG01,7/21/2017,943.9759375
CLG01,7/22/2017,943.9625
CLG01,7/23/2017,943.9414583
CLG01,7/24/2017,943.9073196
CLG01,7/25/2017,943.8867708
CLG01,7/26/2017,943.9657292
CLG01,7/27/2017,943.9575
CLG01,7/28/2017,943.9334375
CLG01,7/29/2017,943.910625
CLG01,7/30/2017,943.8901042
CLG01,7/31/2017,943.8696875
CLG01,8/1/2017,943.8510417
CLG01,8/2/2017,943.8311458
CLG01,8/3/2017,943.8353125
CLG01,8/4/2017,943.8220833
CLG01,8/5/2017,943.8057292
CLG01,8/6/2017,943.813125
CLG01,8/7/2017,943.8545833
CLG01,8/8/2017,943.8396875
CLG01,8/9/2017,943.8782292
CLG01,8/10/2017,944.0144792
CLG01,8/11/2017,944.0327368
CLG01,8/12/2017,944.0292708
CLG01,8/13/2017,944.0157292
CLG01,8/14/2017,944.140625
CLG01,8/15/2017,944.1614583
CLG01,8/16/2017,944.2086458
CLG01,8/17/2017,944.454375
CLG01,8/18/2017,944.4883333
CLG01,8/19/2017,944.4721875
CLG01,8/20/2017,944.435625
CLG01,8/21/2017,944.3964583
CLG01,8/22/2017,944.36875
CLG01,8/23/2017,944.3253608
CLG01,8/24/2017,944.2833333
CLG01,8/25/2017,944.2491667
CLG01,8/26/2017,944.5127083
CLG01,8/27/2017,944.558125
CLG01,8/28/2017,944.5172917
CLG01,8/29/2017,944.46625
CLG01,8/30/2017,944.4154167
CLG01,8/31/2017,944.3633333
CLG01,9/1/2017,944.3170833
CLG01,9/2/2017,944.2736458
CLG01,9/3/2017,944.2373958
CLG01,9/4/2017,944.20875
CLG01,9/5/2017,944.185
CLG01,9/6/2017,944.141875
CLG01,9/7/2017,944.1008333
CLG01,9/8/2017,944.0713542
CLG01,9/9/2017,944.0401042
CLG01,9/10/2017,944.0163542
CLG01,9/11/2017,943.9954167
CLG01,9/12/2017,943.980625
CLG01,9/13/2017,943.9647917
CLG01,9/14/2017,943.9544792
CLG01,9/15/2017,943.9390625
CLG01,9/16/2017,943.9307292
CLG01,9/17/2017,943.9196875
CLG01,9/18/2017,943.9219792
CLG01,9/19/2017,943.9215625
CLG01,9/20/2017,943.9513542
CLG01,9/21/2017,943.9430208
CLG01,9/22/2017,943.9297917
CLG01,9/23/2017,943.9190625
CLG01,9/24/2017,943.9098958
CLG01,9/25/2017,943.9707292
CLG01,9/26/2017,943.9980208
CLG01,9/27/2017,943.9947917
CLG01,9/28/2017,943.9892708
CLG01,9/29/2017,943.9917708
CLG01,9/30/2017,943.9866667
CLG01,10/1/2017,944.0147917
CLG01,10/2/2017,944.14375
CLG01,10/3/2017,944.5167708
CLG01,10/4/2017,944.5683333
CLG01,10/5/2017,944.5665625
CLG01,10/6/2017,944.6067708
CLG01,10/7/2017,944.6913542
CLG01,10/8/2017,944.729375
CLG01,10/9/2017,944.7444792
CLG01,10/10/2017,944.720625
CLG01,10/11/2017,944.6415625
CLG01,10/12/2017,944.564375
CLG01,10/13/2017,944.4947917
CLG01,10/14/2017,944.4445833
CLG01,10/15/2017,944.4397917
CLG01,10/16/2017,944.3910417
CLG01,10/17/2017,944.3491667
CLG01,10/18/2017,944.3122917
CLG01,10/19/2017,944.274375
CLG01,10/20/2017,944.2347917
CLG01,10/21/2017,944.23625
CLG01,10/22/2017,944.2363542
CLG01,10/23/2017,944.2080208
CLG01,10/24/2017,944.181875
CLG01,10/25/2017,944.1523958
CLG01,10/26/2017,944.1341667
CLG01,10/27/2017,944.1445833
CLG01,10/28/2017,944.1454167
CLG01,10/29/2017,944.1347917
CLG01,10/30/2017,944.12875
CLG01,10/31/2017,944.1141379
CLG01,5/2/2018,944.284
CLG01,5/3/2018,944.260625
CLG01,5/4/2018,944.2303125
CLG01,5/5/2018,944.2008333
CLG01,5/6/2018,944.1846875
CLG01,5/7/2018,944.1604167
CLG01,5/8/2018,944.1410417
CLG01,5/9/2018,944.1496875
CLG01,5/10/2018,944.1309375
CLG01,5/11/2018,944.1088542
CLG01,5/12/2018,944.086875
CLG01,5/13/2018,944.0726042
CLG01,5/14/2018,944.0608333
CLG01,5/15/2018,944.0580208
CLG01,5/16/2018,944.0447917
CLG01,5/17/2018,944.0328125
CLG01,5/18/2018,944.02
CLG01,5/19/2018,944.0471875
CLG01,5/20/2018,944.0376042
CLG01,5/21/2018,944.0241667
CLG01,5/22/2018,944.0013542
CLG01,5/23/2018,943.9829167
CLG01,5/24/2018,943.9644792
CLG01,5/25/2018,944.093125
CLG01,5/26/2018,944.1065625
CLG01,5/27/2018,944.0795833
CLG01,5/28/2018,944.0511458
CLG01,5/29/2018,944.0530208
CLG01,5/30/2018,944.1670833
CLG01,5/31/2018,944.160625
CLG01,6/1/2018,944.1271875
CLG01,6/2/2018,944.1008333
CLG01,6/3/2018,944.0782292
CLG01,6/4/2018,944.0486458
CLG01,6/5/2018,944.0207292
CLG01,6/6/2018,944.0154167
CLG01,6/7/2018,944.0058333
CLG01,6/8/2018,943.9875
CLG01,6/9/2018,944.0072917
CLG01,6/10/2018,944.035
CLG01,6/11/2018,944.0246875
CLG01,6/12/2018,944.0227083
CLG01,6/13/2018,944.0151042
CLG01,6/14/2018,944.0020833
CLG01,6/15/2018,943.9848958
CLG01,6/16/2018,944.0353125
CLG01,6/17/2018,944.0823958
CLG01,6/18/2018,944.2576042
CLG01,6/19/2018,944.3148958
CLG01,6/20/2018,944.3230208
CLG01,6/21/2018,944.2964583
CLG01,6/22/2018,944.2653125
CLG01,6/23/2018,944.2321875
CLG01,6/24/2018,944.1964583
CLG01,6/25/2018,944.1616667
CLG01,6/26/2018,944.2823958
CLG01,6/27/2018,944.3171875
CLG01,6/28/2018,944.2951042
CLG01,6/29/2018,944.2553125
CLG01,6/30/2018,944.2165625
CLG01,7/1/2018,944.3163542
CLG01,7/2/2018,944.4648958
CLG01,7/3/2018,944.4513542
CLG01,7/4/2018,944.4335417
CLG01,7/5/2018,944.3990625
CLG01,7/6/2018,944.341875
CLG01,7/7/2018,944.2830208
CLG01,7/8/2018,944.2288542
CLG01,7/9/2018,944.1833333
CLG01,7/10/2018,944.1442708
CLG01,7/11/2018,944.1058333
CLG01,7/12/2018,944.0928125
CLG01,7/13/2018,944.1470833
CLG01,7/14/2018,944.1257292
CLG01,7/15/2018,944.0839583
CLG01,7/16/2018,944.044375
CLG01,7/17/2018,944.0078125
CLG01,7/18/2018,943.9778125
CLG01,7/19/2018,943.9676042
CLG01,7/20/2018,943.9657292
CLG01,7/21/2018,943.949375
CLG01,7/22/2018,943.9244792
CLG01,7/23/2018,943.9029167
CLG01,7/24/2018,943.8819792
CLG01,7/25/2018,943.8647917
CLG01,7/26/2018,943.8533333
CLG01,7/27/2018,943.8336458
CLG01,7/28/2018,943.8119792
CLG01,7/29/2018,943.7951042
CLG01,7/30/2018,943.7809375
CLG01,7/31/2018,943.7625
CLG01,8/1/2018,943.7545833
CLG01,8/2/2018,943.740625
CLG01,8/3/2018,943.7352083
CLG01,8/4/2018,943.828125
CLG01,8/5/2018,943.8404167
CLG01,8/6/2018,943.8358333
CLG01,8/7/2018,943.8295833
CLG01,8/8/2018,943.8194792
CLG01,8/9/2018,943.8057292
CLG01,8/10/2018,943.7888542
CLG01,8/11/2018,943.7708333
CLG01,8/12/2018,943.751875
CLG01,8/13/2018,943.731875
CLG01,8/14/2018,943.7148958
CLG01,8/15/2018,943.694375
CLG01,8/16/2018,943.6728125
CLG01,8/17/2018,943.6545833
CLG01,8/18/2018,943.6395833
CLG01,8/19/2018,943.6228125
CLG01,8/20/2018,943.6166667
CLG01,8/21/2018,943.6297917
CLG01,8/22/2018,943.6094792
CLG01,8/23/2018,943.5878125
CLG01,8/24/2018,943.6933333
CLG01,8/25/2018,943.7946875
CLG01,8/26/2018,943.804375
CLG01,8/27/2018,943.8083333
CLG01,8/28/2018,943.8348958
CLG01,8/29/2018,943.8448958
CLG01,8/30/2018,943.8344792
CLG01,8/31/2018,943.8315625
CLG01,9/1/2018,943.8276042
CLG01,9/2/2018,943.8272917
CLG01,9/3/2018,943.821875
CLG01,9/4/2018,943.859375
CLG01,9/5/2018,943.9419792
CLG01,9/6/2018,943.9395833
CLG01,9/7/2018,943.9260417
CLG01,9/8/2018,943.9173958
CLG01,9/9/2018,943.9072917
CLG01,9/10/2018,943.8925
CLG01,9/11/2018,943.8769792
CLG01,9/12/2018,943.8590625
CLG01,9/13/2018,943.8417708
CLG01,9/14/2018,943.826875
CLG01,9/15/2018,943.8140625
CLG01,9/16/2018,943.7979167
CLG01,9/17/2018,943.8010417
CLG01,9/18/2018,943.9960417
CLG01,9/19/2018,944.0615625
CLG01,9/20/2018,944.2261458
CLG01,9/21/2018,944.6954167
CLG01,9/22/2018,944.7138542
CLG01,9/23/2018,944.6592708
CLG01,9/24/2018,944.5853125
CLG01,9/25/2018,944.5414583
CLG01,9/26/2018,944.4789583
CLG01,9/27/2018,944.4240625
CLG01,9/28/2018,944.3751042
CLG01,9/29/2018,944.3276042
CLG01,9/30/2018,944.2859375
CLG01,10/1/2018,944.2603125
CLG01,10/2/2018,944.2389583
CLG01,10/3/2018,944.2240625
CLG01,10/4/2018,944.2258333
CLG01,10/5/2018,944.2211458
CLG01,10/6/2018,944.2005208
CLG01,10/7/2018,944.1746875
CLG01,10/8/2018,944.1701042
CLG01,10/9/2018,944.2117708
CLG01,10/10/2018,944.3648958
CLG01,10/11/2018,944.4052083
CLG01,10/12/2018,944.3947917
CLG01,10/13/2018,944.3695833
CLG01,10/14/2018,944.3432292
CLG01,10/15/2018,944.3134375
CLG01,10/16/2018,944.2776042
CLG01,10/17/2018,944.245
CLG01,10/18/2018,944.2107292
CLG01,10/19/2018,944.1865625
CLG01,10/20/2018,944.1569792
CLG01,10/21/2018,944.1257292
CLG01,10/22/2018,944.1035417
CLG01,10/23/2018,944.0791667
CLG01,10/24/2018,944.0658824
CLO01,4/5/2017,944.7396552
CLO01,4/6/2017,944.74
CLO01,4/7/2017,944.7398958
CLO01,4/8/2017,944.7205208
CLO01,4/9/2017,944.7034375
CLO01,4/10/2017,944.7469792
CLO01,4/11/2017,944.7761458
CLO01,4/12/2017,944.775625
CLO01,4/13/2017,944.8072917
CLO01,4/14/2017,944.8014583
CLO01,4/15/2017,944.855625
CLO01,4/16/2017,944.8895833
CLO01,4/17/2017,944.8902083
CLO01,4/18/2017,944.891875
CLO01,4/19/2017,944.9094792
CLO01,4/20/2017,944.9870833
CLO01,4/21/2017,945.0030208
CLO01,4/22/2017,944.9967708
CLO01,4/23/2017,944.9803125
CLO01,4/24/2017,944.95625
CLO01,4/25/2017,944.9405208
CLO01,4/26/2017,944.9873958
CLO01,4/27/2017,945.0030208
CLO01,4/28/2017,944.9916667
CLO01,4/29/2017,944.9829167
CLO01,4/30/2017,944.9484375
CLO01,5/1/2017,945.05
CLO01,5/2/2017,945.1017708
CLO01,5/3/2017,945.1029167
CLO01,5/4/2017,945.0910417
CLO01,5/5/2017,945.06875
CLO01,5/6/2017,945.0413542
CLO01,5/7/2017,945.0066667
CLO01,5/8/2017,944.9684375
CLO01,5/9/2017,944.9521875
CLO01,5/10/2017,944.926875
CLO01,5/11/2017,944.8969792
CLO01,5/12/2017,944.8647917
CLO01,5/13/2017,944.8376042
CLO01,5/14/2017,944.8116667
CLO01,5/15/2017,944.8072917
CLO01,5/16/2017,944.836875
CLO01,5/17/2017,944.9364583
CLO01,5/18/2017,945.1726042
CLO01,5/19/2017,945.2235052
CLO01,5/20/2017,945.30125
CLO01,5/21/2017,945.5689583
CLO01,5/22/2017,945.6421875
CLO01,5/23/2017,945.6144792
CLO01,5/24/2017,945.5477083
CLO01,5/25/2017,945.4722917
CLO01,5/26/2017,945.4030208
CLO01,5/27/2017,945.325
CLO01,5/28/2017,945.2476042
CLO01,5/29/2017,945.1730208
CLO01,5/30/2017,945.1045833
CLO01,5/31/2017,945.0438144
CLO01,6/1/2017,944.994375
CLO01,6/2/2017,944.9497917
CLO01,6/3/2017,944.9088542
CLO01,6/4/2017,944.8671875
CLO01,6/5/2017,944.8232292
CLO01,6/6/2017,944.7814583
CLO01,6/7/2017,944.7446875
CLO01,6/8/2017,944.7110417
CLO01,6/9/2017,944.6845833
CLO01,6/10/2017,944.6504167
CLO01,6/11/2017,944.6805208
CLO01,6/12/2017,944.7157292
CLO01,6/13/2017,944.7477083
CLO01,6/14/2017,944.7510417
CLO01,6/15/2017,944.7209375
CLO01,6/16/2017,944.6959375
CLO01,6/17/2017,944.6732292
CLO01,6/18/2017,944.6579167
CLO01,6/19/2017,944.6266667
CLO01,6/20/2017,944.6140625
CLO01,6/21/2017,944.5978125
CLO01,6/22/2017,944.5957292
CLO01,6/23/2017,944.5895833
CLO01,6/24/2017,944.5627083
CLO01,6/25/2017,944.5391667
CLO01,6/26/2017,944.5222917
CLO01,6/27/2017,944.5061458
CLO01,6/28/2017,944.5296875
CLO01,6/29/2017,944.54
CLO01,6/30/2017,944.5478125
CLO01,7/1/2017,944.5779167
CLO01,7/2/2017,944.5683333
CLO01,7/3/2017,944.555
CLO01,7/4/2017,944.5420833
CLO01,7/5/2017,944.5883333
CLO01,7/6/2017,944.5777083
CLO01,7/7/2017,944.5529167
CLO01,7/8/2017,944.5285417
CLO01,7/9/2017,944.5113542
CLO01,7/10/2017,944.4948958
CLO01,7/11/2017,944.4826042
CLO01,7/12/2017,944.4833333
CLO01,7/13/2017,944.4629167
CLO01,7/14/2017,944.4442708
CLO01,7/15/2017,944.4329167
CLO01,7/16/2017,944.4226042
CLO01,7/17/2017,944.4155208
CLO01,7/18/2017,944.5378125
CLO01,7/19/2017,944.5441667
CLO01,7/20/2017,944.54
CLO01,7/21/2017,944.5319792
CLO01,7/22/2017,944.5182292
CLO01,7/23/2017,944.4989583
CLO01,7/24/2017,944.4772165
CLO01,7/25/2017,944.46875
CLO01,7/26/2017,944.5067708
CLO01,7/27/2017,944.5021875
CLO01,7/28/2017,944.4863542
CLO01,7/29/2017,944.4679167
CLO01,7/30/2017,944.4489583
CLO01,7/31/2017,944.4339583
CLO01,8/1/2017,944.418125
CLO01,8/2/2017,944.4104167
CLO01,8/3/2017,944.4001042
CLO01,8/4/2017,944.3778125
CLO01,8/5/2017,944.36375
CLO01,8/6/2017,944.3754167
CLO01,8/7/2017,944.4392708
CLO01,8/8/2017,944.4330208
CLO01,8/9/2017,944.4682292
CLO01,8/10/2017,944.6053125
CLO01,8/11/2017,944.6239583
CLO01,8/12/2017,944.6195833
CLO01,8/13/2017,944.613125
CLO01,8/14/2017,944.7076042
CLO01,8/15/2017,944.7161458
CLO01,8/16/2017,944.7615625
CLO01,8/17/2017,945.1215625
CLO01,8/18/2017,945.1791667
CLO01,8/19/2017,945.1713542
CLO01,8/20/2017,945.1380208
CLO01,8/21/2017,945.0920833
CLO01,8/22/2017,945.0395833
CLO01,8/23/2017,944.9816495
CLO01,8/24/2017,944.9310417
CLO01,8/25/2017,944.8897917
CLO01,8/26/2017,945.1717708
CLO01,8/27/2017,945.2548958
CLO01,8/28/2017,945.23625
CLO01,8/29/2017,945.1860417
CLO01,8/30/2017,945.1290625
CLO01,8/31/2017,945.0639583
CLO01,9/1/2017,945.0008333
CLO01,9/2/2017,944.9455208
CLO01,9/3/2017,944.8994792
CLO01,9/4/2017,944.8601042
CLO01,9/5/2017,944.8198958
CLO01,9/6/2017,944.7842268
CLO01,9/7/2017,944.755
CLO01,9/8/2017,944.7227083
CLO01,9/9/2017,944.6894792
CLO01,9/10/2017,944.6659375
CLO01,9/11/2017,944.6446875
CLO01,9/12/2017,944.6330208
CLO01,9/13/2017,944.6219792
CLO01,9/14/2017,944.6098958
CLO01,9/15/2017,944.5938542
CLO01,9/16/2017,944.5790625
CLO01,9/17/2017,944.5584375
CLO01,9/18/2017,944.5602083
CLO01,9/19/2017,944.5629167
CLO01,9/20/2017,944.5689583
CLO01,9/21/2017,944.5595833
CLO01,9/22/2017,944.5507292
CLO01,9/23/2017,944.5441667
CLO01,9/24/2017,944.539375
CLO01,9/25/2017,944.5813542
CLO01,9/26/2017,944.5991667
CLO01,9/27/2017,944.5846875
CLO01,9/28/2017,944.5711458
CLO01,9/29/2017,944.5747917
CLO01,9/30/2017,944.5629167
CLO01,10/1/2017,944.5539583
CLO01,10/2/2017,944.6283333
CLO01,10/3/2017,944.864375
CLO01,10/4/2017,944.9451042
CLO01,10/5/2017,944.92
CLO01,10/6/2017,944.9192708
CLO01,10/7/2017,944.94
CLO01,10/8/2017,944.9301042
CLO01,10/9/2017,944.9315625
CLO01,10/10/2017,944.8925
CLO01,10/11/2017,944.8395833
CLO01,10/12/2017,944.8139583
CLO01,10/13/2017,944.7883333
CLO01,10/14/2017,944.7708333
CLO01,10/15/2017,944.80875
CLO01,10/16/2017,944.8013542
CLO01,10/17/2017,944.7596875
CLO01,10/18/2017,944.7423958
CLO01,10/19/2017,944.7242708
CLO01,10/20/2017,944.7071875
CLO01,10/21/2017,944.71625
CLO01,10/22/2017,944.7217708
CLO01,10/23/2017,944.7017708
CLO01,10/24/2017,944.6882292
CLO01,10/25/2017,944.6634375
CLO01,10/26/2017,944.6470833
CLO01,10/27/2017,944.7271875
CLO01,10/28/2017,944.6882292
CLO01,10/29/2017,944.6528125
CLO01,10/30/2017,944.6580208
CLO01,10/31/2017,944.6317544
CLO01,5/2/2018,945.2472917
CLO01,5/3/2018,945.2153125
CLO01,5/4/2018,945.1664583
CLO01,5/5/2018,945.1766667
CLO01,5/6/2018,945.13125
CLO01,5/7/2018,945.0851042
CLO01,5/8/2018,945.045625
CLO01,5/9/2018,945.0282292
CLO01,5/10/2018,944.9929167
CLO01,5/11/2018,944.9545833
CLO01,5/12/2018,944.9202083
CLO01,5/13/2018,944.896875
CLO01,5/14/2018,944.88
CLO01,5/15/2018,944.8520833
CLO01,5/16/2018,944.8053125
CLO01,5/17/2018,944.7879167
CLO01,5/18/2018,944.7572917
CLO01,5/19/2018,944.7398958
CLO01,5/20/2018,944.7057292
CLO01,5/21/2018,944.6798958
CLO01,5/22/2018,944.66375
CLO01,5/23/2018,944.649375
CLO01,5/24/2018,944.6384375
CLO01,5/25/2018,944.6883333
CLO01,5/26/2018,944.6907292
CLO01,5/27/2018,944.6784375
CLO01,5/28/2018,944.679375
CLO01,5/29/2018,944.7236458
CLO01,5/30/2018,944.8029167
CLO01,5/31/2018,944.79375
CLO01,6/1/2018,944.7755208
CLO01,6/2/2018,944.7495833
CLO01,6/3/2018,944.72125
CLO01,6/4/2018,944.6980208
CLO01,6/5/2018,944.6740625
CLO01,6/6/2018,944.6663542
CLO01,6/7/2018,944.6516667
CLO01,6/8/2018,944.6311458
CLO01,6/9/2018,944.6352083
CLO01,6/10/2018,944.6583333
CLO01,6/11/2018,944.6478125
CLO01,6/12/2018,944.6419792
CLO01,6/13/2018,944.6260417
CLO01,6/14/2018,944.6078125
CLO01,6/15/2018,944.5907292
CLO01,6/16/2018,944.63125
CLO01,6/17/2018,944.6835417
CLO01,6/18/2018,944.8132292
CLO01,6/19/2018,944.8579167
CLO01,6/20/2018,944.8666667
CLO01,6/21/2018,944.8465625
CLO01,6/22/2018,944.8304167
CLO01,6/23/2018,944.8013542
CLO01,6/24/2018,944.7798958
CLO01,6/25/2018,944.751875
CLO01,6/26/2018,944.8970833
CLO01,6/27/2018,944.9465625
CLO01,6/28/2018,944.9375
CLO01,6/29/2018,944.91375
CLO01,6/30/2018,944.8869792
CLO01,7/1/2018,945.0725
CLO01,7/2/2018,945.395625
CLO01,7/3/2018,945.4525
CLO01,7/4/2018,945.4426042
CLO01,7/5/2018,945.3892708
CLO01,7/6/2018,945.3141667
CLO01,7/7/2018,945.2384375
CLO01,7/8/2018,945.156875
CLO01,7/9/2018,945.0888542
CLO01,7/10/2018,945.0226042
CLO01,7/11/2018,944.9616667
CLO01,7/12/2018,944.918125
CLO01,7/13/2018,944.9241667
CLO01,7/14/2018,944.8882292
CLO01,7/15/2018,944.8423958
CLO01,7/16/2018,944.7917708
CLO01,7/17/2018,944.7482292
CLO01,7/18/2018,944.71375
CLO01,7/19/2018,944.6910417
CLO01,7/20/2018,944.6761458
CLO01,7/21/2018,944.6707292
CLO01,7/22/2018,944.6458333
CLO01,7/23/2018,944.6215625
CLO01,7/24/2018,944.5963542
CLO01,7/25/2018,944.573125
CLO01,7/26/2018,944.5466667
CLO01,7/27/2018,944.5244792
CLO01,7/28/2018,944.5091667
CLO01,7/29/2018,944.5019792
CLO01,7/30/2018,944.504375
CLO01,7/31/2018,944.4925
CLO01,8/1/2018,944.4845833
CLO01,8/2/2018,944.4685417
CLO01,8/3/2018,944.4660417
CLO01,8/4/2018,944.54625
CLO01,8/5/2018,944.5501042
CLO01,8/6/2018,944.5495833
CLO01,8/7/2018,944.5403125
CLO01,8/8/2018,944.5321875
CLO01,8/9/2018,944.5233333
CLO01,8/10/2018,944.5122917
CLO01,8/11/2018,944.4992708
CLO01,8/12/2018,944.486875
CLO01,8/13/2018,944.47125
CLO01,8/14/2018,944.4580208
CLO01,8/15/2018,944.4436458
CLO01,8/16/2018,944.4305208
CLO01,8/17/2018,944.4154167
CLO01,8/18/2018,944.4051042
CLO01,8/19/2018,944.3932292
CLO01,8/20/2018,944.3803125
CLO01,8/21/2018,944.3610417
CLO01,8/22/2018,944.3430208
CLO01,8/23/2018,944.3263542
CLO01,8/24/2018,944.4098958
CLO01,8/25/2018,944.4952083
CLO01,8/26/2018,944.5
CLO01,8/27/2018,944.5058333
CLO01,8/28/2018,944.5239583
CLO01,8/29/2018,944.5255208
CLO01,8/30/2018,944.515
CLO01,8/31/2018,944.509375
CLO01,9/1/2018,944.5011458
CLO01,9/2/2018,944.4964583
CLO01,9/3/2018,944.486875
CLO01,9/4/2018,944.4996875
CLO01,9/5/2018,944.5401042
CLO01,9/6/2018,944.5438542
CLO01,9/7/2018,944.5159375
CLO01,9/8/2018,944.4979167
CLO01,9/9/2018,944.4755208
CLO01,9/10/2018,944.4613542
CLO01,9/11/2018,944.4521875
CLO01,9/12/2018,944.4390625
CLO01,9/13/2018,944.4278125
CLO01,9/14/2018,944.42
CLO01,9/15/2018,944.4166667
CLO01,9/16/2018,944.4086458
CLO01,9/17/2018,944.4105208
CLO01,9/18/2018,944.57125
CLO01,9/19/2018,944.6053125
CLO01,9/20/2018,944.6841667
CLO01,9/21/2018,944.9610417
CLO01,9/22/2018,944.9740625
CLO01,9/23/2018,944.9497917
CLO01,9/24/2018,944.9351546
CLO01,9/25/2018,944.9273958
CLO01,9/26/2018,944.9234375
CLO01,9/27/2018,944.8744792
CLO01,9/28/2018,944.8770833
CLO01,9/29/2018,944.8236458
CLO01,9/30/2018,944.7904167
CLO01,10/1/2018,944.7765625
CLO01,10/2/2018,944.748125
CLO01,10/3/2018,944.7367708
CLO01,10/4/2018,944.7342708
CLO01,10/5/2018,944.7211458
CLO01,10/6/2018,944.7067708
CLO01,10/7/2018,944.6895833
CLO01,10/8/2018,944.691875
CLO01,10/9/2018,944.7397917
CLO01,10/10/2018,944.8754167
CLO01,10/11/2018,944.9284375
CLO01,10/12/2018,944.9486458
CLO01,10/13/2018,944.95
CLO01,10/14/2018,944.9438542
CLO01,10/15/2018,944.9264583
CLO01,10/16/2018,944.9047917
CLO01,10/17/2018,944.8783333
CLO01,10/18/2018,944.8558333
CLO01,10/19/2018,944.8380208
CLO01,10/20/2018,944.8057292
CLO01,10/21/2018,944.7770833
CLO01,10/22/2018,944.750625
CLO01,10/23/2018,944.7271875
CLO01,10/24/2018,944.7107547
CPA01,4/5/2017,933.9221667
CPA01,4/6/2017,933.9386458
CPA01,4/7/2017,933.9478125
CPA01,4/8/2017,933.9488542
CPA01,4/9/2017,933.95375
CPA01,4/10/2017,933.9628125
CPA01,4/11/2017,934.0013542
CPA01,4/12/2017,933.9742708
CPA01,4/13/2017,933.9109375
CPA01,4/14/2017,933.9059375
CPA01,4/15/2017,933.9710417
CPA01,4/16/2017,933.9914583
CPA01,4/17/2017,933.9546875
CPA01,4/18/2017,933.9385417
CPA01,4/19/2017,933.9741667
CPA01,4/20/2017,934.0495833
CPA01,4/21/2017,934.0345833
CPA01,4/22/2017,934.0178125
CPA01,4/23/2017,934.0158333
CPA01,4/24/2017,934.0044792
CPA01,4/25/2017,934.0083333
CPA01,4/26/2017,934.0776042
CPA01,4/27/2017,934.08125
CPA01,4/28/2017,934.0705208
CPA01,4/29/2017,934.0596875
CPA01,4/30/2017,934.0517708
CPA01,5/1/2017,934.2070833
CPA01,5/2/2017,934.223125
CPA01,5/3/2017,934.2374227
CPA01,5/4/2017,934.2528125
CPA01,5/5/2017,934.2435417
CPA01,5/6/2017,934.2251042
CPA01,5/7/2017,934.1970833
CPA01,5/8/2017,934.1723958
CPA01,5/9/2017,934.1653125
CPA01,5/10/2017,934.1454167
CPA01,5/11/2017,934.1271875
CPA01,5/12/2017,934.1051042
CPA01,5/13/2017,934.0864583
CPA01,5/14/2017,934.06125
CPA01,5/15/2017,934.0465625
CPA01,5/16/2017,934.04375
CPA01,5/17/2017,934.1914583
CPA01,5/18/2017,934.3654167
CPA01,5/19/2017,934.3138542
CPA01,5/20/2017,934.550625
CPA01,5/21/2017,934.9038542
CPA01,5/22/2017,934.9155208
CPA01,5/23/2017,934.8497917
CPA01,5/24/2017,934.8258333
CPA01,5/25/2017,934.7882292
CPA01,5/26/2017,934.7296875
CPA01,5/27/2017,934.6435417
CPA01,5/28/2017,934.5666667
CPA01,5/29/2017,934.5057292
CPA01,5/30/2017,934.4452083
CPA01,5/31/2017,934.3701042
CPA01,6/1/2017,934.3185417
CPA01,6/2/2017,934.2813542
CPA01,6/3/2017,934.2365625
CPA01,6/4/2017,934.2145833
CPA01,6/5/2017,934.1967708
CPA01,6/6/2017,934.1533333
CPA01,6/7/2017,934.1192708
CPA01,6/8/2017,934.0720833
CPA01,6/9/2017,934.0296875
CPA01,6/10/2017,933.9778125
CPA01,6/11/2017,933.9548958
CPA01,6/12/2017,933.9392708
CPA01,6/13/2017,933.9177083
CPA01,6/14/2017,933.9009375
CPA01,6/15/2017,933.8642708
CPA01,6/16/2017,933.8463918
CPA01,6/17/2017,933.8341667
CPA01,6/18/2017,933.8182292
CPA01,6/19/2017,933.7869792
CPA01,6/20/2017,933.7690625
CPA01,6/21/2017,933.7410417
CPA01,6/22/2017,933.7314583
CPA01,6/23/2017,933.7289583
CPA01,6/24/2017,933.7013542
CPA01,6/25/2017,933.6716667
CPA01,6/26/2017,933.6388542
CPA01,6/27/2017,933.5953608
CPA01,6/28/2017,933.6070833
CPA01,6/29/2017,933.60375
CPA01,6/30/2017,933.585
CPA01,7/1/2017,933.554375
CPA01,7/2/2017,933.5141667
CPA01,7/3/2017,933.479375
CPA01,7/4/2017,933.4454167
CPA01,7/5/2017,933.4288542
CPA01,7/6/2017,933.4098958
CPA01,7/7/2017,933.365625
CPA01,7/8/2017,933.3245833
CPA01,7/9/2017,933.291875
CPA01,7/10/2017,933.2817708
CPA01,7/11/2017,933.2409278
CPA01,7/12/2017,933.24625
CPA01,7/13/2017,933.231875
CPA01,7/14/2017,933.2251042
CPA01,7/15/2017,933.2084375
CPA01,7/16/2017,933.1603125
CPA01,7/17/2017,933.1709375
CPA01,7/18/2017,933.4967708
CPA01,7/19/2017,933.4869792
CPA01,7/20/2017,933.4791667
CPA01,7/21/2017,933.4590625
CPA01,7/22/2017,933.4305208
CPA01,7/23/2017,933.3944792
CPA01,7/24/2017,933.3589583
CPA01,7/25/2017,933.3484375
CPA01,7/26/2017,933.4230208
CPA01,7/27/2017,933.3895833
CPA01,7/28/2017,933.3414583
CPA01,7/29/2017,933.2904167
CPA01,7/30/2017,933.2367708
CPA01,7/31/2017,933.1884375
CPA01,8/1/2017,933.1717708
CPA01,8/2/2017,933.1646875
CPA01,8/3/2017,933.16
CPA01,8/4/2017,933.16
CPA01,8/5/2017,933.16
CPA01,8/6/2017,933.1560417
CPA01,8/7/2017,933.15
CPA01,8/8/2017,933.1328125
CPA01,8/9/2017,933.1503125
CPA01,8/10/2017,933.3434375
CPA01,8/11/2017,933.3328125
CPA01,8/12/2017,933.2935417
CPA01,8/13/2017,933.2630208
CPA01,8/14/2017,933.4045833
CPA01,8/15/2017,933.3720833
CPA01,8/16/2017,933.4503125
CPA01,8/17/2017,933.6703125
CPA01,8/18/2017,933.7039583
CPA01,8/19/2017,933.6909375
CPA01,8/20/2017,933.675
CPA01,8/21/2017,933.6621875
CPA01,8/22/2017,933.6669792
CPA01,8/23/2017,933.6408333
CPA01,8/24/2017,933.6248958
CPA01,8/25/2017,933.6198958
CPA01,8/26/2017,933.9434375
CPA01,8/27/2017,933.9136458
CPA01,8/28/2017,933.9098958
CPA01,8/29/2017,933.9227083
CPA01,8/30/2017,933.9169792
CPA01,8/31/2017,933.9071875
CPA01,9/1/2017,933.9045833
CPA01,9/2/2017,933.9009375
CPA01,9/3/2017,933.8904167
CPA01,9/4/2017,933.8804167
CPA01,9/5/2017,933.8775
CPA01,9/6/2017,933.8647917
CPA01,9/7/2017,933.8446875
CPA01,9/8/2017,933.8232292
CPA01,9/9/2017,933.8048958
CPA01,9/10/2017,933.78875
CPA01,9/11/2017,933.7713542
CPA01,9/12/2017,933.7589583
CPA01,9/13/2017,933.7470833
CPA01,9/14/2017,933.7377083
CPA01,9/15/2017,933.7201042
CPA01,9/16/2017,933.7135417
CPA01,9/17/2017,933.7078125
CPA01,9/18/2017,933.7055208
CPA01,9/19/2017,933.7085417
CPA01,9/20/2017,933.6920833
CPA01,9/21/2017,933.658125
CPA01,9/22/2017,933.6348958
CPA01,9/23/2017,933.6158333
CPA01,9/24/2017,933.6034375
CPA01,9/25/2017,933.65375
CPA01,9/26/2017,933.6884375
CPA01,9/27/2017,933.6744792
CPA01,9/28/2017,933.6555208
CPA01,9/29/2017,933.6475
CPA01,9/30/2017,933.6358333
CPA01,10/1/2017,933.660625
CPA01,10/2/2017,933.7021875
CPA01,10/3/2017,933.8677083
CPA01,10/4/2017,933.8870833
CPA01,10/5/2017,933.886875
CPA01,10/6/2017,933.8922917
CPA01,10/7/2017,933.9139583
CPA01,10/8/2017,933.9021875
CPA01,10/9/2017,933.8892708
CPA01,10/10/2017,933.8778125
CPA01,10/11/2017,933.8676042
CPA01,10/12/2017,933.8569792
CPA01,10/13/2017,933.8473958
CPA01,10/14/2017,933.841875
CPA01,10/15/2017,933.8558333
CPA01,10/16/2017,933.8336458
CPA01,10/17/2017,933.8232292
CPA01,10/18/2017,933.8178125
CPA01,10/19/2017,933.7892708
CPA01,10/20/2017,933.7138542
CPA01,10/21/2017,933.7094792
CPA01,10/22/2017,933.7544792
CPA01,10/23/2017,933.7509375
CPA01,10/24/2017,933.7660417
CPA01,10/25/2017,933.7670769
CPA01,5/8/2018,934.1562295
CPA01,5/9/2018,934.1576042
CPA01,5/10/2018,934.136875
CPA01,5/11/2018,934.119375
CPA01,5/12/2018,934.1026042
CPA01,5/13/2018,934.0790625
CPA01,5/14/2018,934.0679167
CPA01,5/15/2018,934.0588542
CPA01,5/16/2018,934.0439583
CPA01,5/17/2018,934.0179167
CPA01,5/18/2018,934.0327083
CPA01,5/19/2018,934.1232292
CPA01,5/20/2018,934.09125
CPA01,5/21/2018,934.0354167
CPA01,5/22/2018,933.9839583
CPA01,5/23/2018,933.9470833
CPA01,5/24/2018,933.8994792
CPA01,5/25/2018,933.9378125
CPA01,5/26/2018,933.94625
CPA01,5/27/2018,933.8988542
CPA01,5/28/2018,933.83
CPA01,5/29/2018,933.9021875
CPA01,5/30/2018,934.213125
CPA01,5/31/2018,934.2433333
CPA01,6/1/2018,934.2071875
CPA01,6/2/2018,934.1638542
CPA01,6/3/2018,934.1310417
CPA01,6/4/2018,934.0532292
CPA01,6/5/2018,933.9941667
CPA01,6/6/2018,933.9688542
CPA01,6/7/2018,933.9480208
CPA01,6/8/2018,933.8992708
CPA01,6/9/2018,933.8853125
CPA01,6/10/2018,933.8925
CPA01,6/11/2018,933.8783333
CPA01,6/12/2018,933.8775
CPA01,6/13/2018,933.8408333
CPA01,6/14/2018,933.8015625
CPA01,6/15/2018,933.7772917
CPA01,6/16/2018,933.8545833
CPA01,6/17/2018,933.9139583
CPA01,6/18/2018,934.1075
CPA01,6/19/2018,934.1913542
CPA01,6/20/2018,934.2184375
CPA01,6/21/2018,934.1741667
CPA01,6/22/2018,934.1175
CPA01,6/23/2018,934.0604167
CPA01,6/24/2018,934.0128125
CPA01,6/25/2018,933.9616667
CPA01,6/26/2018,933.9534375
CPA01,6/27/2018,933.9195833
CPA01,6/28/2018,933.8833333
CPA01,6/29/2018,933.8434375
CPA01,6/30/2018,933.7977083
CPA01,7/1/2018,933.9754167
CPA01,7/2/2018,934.0895789
CPA01,7/3/2018,934.1702083
CPA01,7/4/2018,934.228125
CPA01,7/5/2018,934.2064583
CPA01,7/6/2018,934.1877083
CPA01,7/7/2018,934.1739583
CPA01,7/8/2018,934.1461458
CPA01,7/9/2018,934.1139583
CPA01,7/10/2018,934.0815625
CPA01,7/11/2018,934.0509375
CPA01,7/12/2018,934.0284375
CPA01,7/13/2018,934.0336458
CPA01,7/14/2018,934.015
CPA01,7/15/2018,933.9898958
CPA01,7/16/2018,933.9609375
CPA01,7/17/2018,933.9127368
CPA01,7/18/2018,933.8639583
CPA01,7/19/2018,933.8503125
CPA01,7/20/2018,933.8411458
CPA01,7/21/2018,933.8035417
CPA01,7/22/2018,933.7676042
CPA01,7/23/2018,933.7396875
CPA01,7/24/2018,933.7160417
CPA01,7/25/2018,933.6934375
CPA01,7/26/2018,933.6810417
CPA01,7/27/2018,933.66625
CPA01,7/28/2018,933.64125
CPA01,7/29/2018,933.6411458
CPA01,7/30/2018,933.6441667
CPA01,7/31/2018,933.6030208
CPA01,8/1/2018,933.5801042
CPA01,8/2/2018,933.5772917
CPA01,8/3/2018,933.5780208
CPA01,8/4/2018,933.6310417
CPA01,8/5/2018,933.6329167
CPA01,8/6/2018,933.618125
CPA01,8/7/2018,933.5983333
CPA01,8/8/2018,933.5771875
CPA01,8/9/2018,933.5463542
CPA01,8/10/2018,933.5103125
CPA01,8/11/2018,933.4846875
CPA01,8/12/2018,933.4534375
CPA01,8/13/2018,933.41
CPA01,8/14/2018,933.3767708
CPA01,8/15/2018,933.3560417
CPA01,8/16/2018,933.3173958
CPA01,8/17/2018,933.2879167
CPA01,8/18/2018,933.2654167
CPA01,8/19/2018,933.2385417
CPA01,8/20/2018,933.2158333
CPA01,8/21/2018,933.1853125
CPA01,8/22/2018,933.1391667
CPA01,8/23/2018,933.1319792
CPA01,8/24/2018,933.2667708
CPA01,8/25/2018,933.395625
CPA01,8/26/2018,933.3688542
CPA01,8/27/2018,933.3521875
CPA01,8/28/2018,933.3811458
CPA01,8/29/2018,933.3884375
CPA01,8/30/2018,933.3523958
CPA01,8/31/2018,933.3526042
CPA01,9/1/2018,933.3271875
CPA01,9/2/2018,933.2833333
CPA01,9/3/2018,933.2333333
CPA01,9/4/2018,933.2622917
CPA01,9/5/2018,933.3780208
CPA01,9/6/2018,933.3388542
CPA01,9/7/2018,933.3001042
CPA01,9/8/2018,933.250625
CPA01,9/9/2018,933.2115625
CPA01,9/10/2018,933.1523958
CPA01,9/11/2018,933.12
CPA01,9/12/2018,933.1114583
CPA01,9/13/2018,933.1072165
CPA01,9/14/2018,933.1
CPA01,9/15/2018,933.0983333
CPA01,9/16/2018,933.09
CPA01,9/17/2018,933.09
CPA01,9/18/2018,933.0982292
CPA01,9/19/2018,933.233125
CPA01,9/20/2018,933.4436458
CPA01,9/21/2018,933.7045833
CPA01,9/22/2018,933.7785417
CPA01,9/23/2018,933.7892708
CPA01,9/24/2018,933.7783333
CPA01,9/25/2018,933.7688542
CPA01,9/26/2018,933.740625
CPA01,9/27/2018,933.7225
CPA01,9/28/2018,933.6884375
CPA01,9/29/2018,933.6614583
CPA01,9/30/2018,933.6314583
CPA01,10/1/2018,933.5853125
CPA01,10/2/2018,933.5825
CPA01,10/3/2018,933.5216667
CPA01,10/4/2018,933.3807292
CPA01,10/5/2018,933.3908333
CPA01,10/6/2018,933.4279167
CPA01,10/7/2018,933.4579167
CPA01,10/8/2018,933.4530928
CPA01,10/9/2018,933.5475
CPA01,10/10/2018,933.6078125
CPA01,10/11/2018,933.6679167
CPA01,10/12/2018,933.7254167
CPA01,10/13/2018,933.770625
CPA01,10/14/2018,933.7902083
CPA01,10/15/2018,933.79625
CPA01,10/16/2018,933.7646875
CPA01,10/17/2018,933.754375
CPA01,10/18/2018,933.7477083
CPA01,10/19/2018,933.7290625
CPA01,10/20/2018,933.7097917
CPA01,10/21/2018,933.6884375
CPA01,10/22/2018,933.6727083
CPA01,10/23/2018,933.669375
CPA01,10/24/2018,933.65625
CPA01,10/25/2018,933.6493103
CLO09,4/5/2017,957.8436
CLO09,4/6/2017,957.8353125
CLO09,4/7/2017,957.8214583
CLO09,4/8/2017,957.8163542
CLO09,4/9/2017,957.8169792
CLO09,4/10/2017,957.8298958
CLO09,4/11/2017,957.8460825
CLO09,4/12/2017,957.8530208
CLO09,4/13/2017,957.9009375
CLO09,4/14/2017,957.9127083
CLO09,4/15/2017,957.9677083
CLO09,4/16/2017,958.016875
CLO09,4/17/2017,958.0036082
CLO09,4/18/2017,958.0026042
CLO09,4/19/2017,958.004375
CLO09,4/20/2017,958.1216667
CLO09,4/21/2017,958.1310417
CLO09,4/22/2017,958.09
CLO09,4/23/2017,958.0341667
CLO09,4/24/2017,957.9858333
CLO09,4/25/2017,957.9534375
CLO09,4/26/2017,958.0369792
CLO09,4/27/2017,958.0822917
CLO09,4/28/2017,958.046875
CLO09,4/29/2017,957.9930208
CLO09,4/30/2017,957.9515625
CLO09,5/1/2017,958.1359375
CLO09,5/2/2017,958.2223958
CLO09,5/3/2017,958.1402083
CLO09,5/4/2017,958.0833333
CLO09,5/5/2017,958.0217708
CLO09,5/6/2017,957.9620833
CLO09,5/7/2017,957.9022917
CLO09,5/8/2017,957.8514583
CLO09,5/9/2017,957.8503125
CLO09,5/10/2017,957.833125
CLO09,5/11/2017,957.8159375
CLO09,5/12/2017,957.7845833
CLO09,5/13/2017,957.76
CLO09,5/14/2017,957.7371875
CLO09,5/15/2017,957.7410417
CLO09,5/16/2017,957.82875
CLO09,5/17/2017,958.0129167
CLO09,5/18/2017,958.3773958
CLO09,5/19/2017,958.3183333
CLO09,5/20/2017,958.3738542
CLO09,5/21/2017,958.7919792
CLO09,5/22/2017,958.5980208
CLO09,5/23/2017,958.4026042
CLO09,5/24/2017,958.2585417
CLO09,5/25/2017,958.1480208
CLO09,5/26/2017,958.0769792
CLO09,5/27/2017,958.0111458
CLO09,5/28/2017,957.9548958
CLO09,5/29/2017,957.9032292
CLO09,5/30/2017,957.8620833
CLO09,5/31/2017,957.8173196
CLO09,6/1/2017,957.7780208
CLO09,6/2/2017,957.7503125
CLO09,6/3/2017,957.7265625
CLO09,6/4/2017,957.699375
CLO09,6/5/2017,957.6726042
CLO09,6/6/2017,957.64875
CLO09,6/7/2017,957.6255208
CLO09,6/8/2017,957.6105208
CLO09,6/9/2017,957.5961458
CLO09,6/10/2017,957.5744792
CLO09,6/11/2017,957.6059375
CLO09,6/12/2017,957.641875
CLO09,6/13/2017,957.6352083
CLO09,6/14/2017,957.635625
CLO09,6/15/2017,957.62125
CLO09,6/16/2017,957.60125
CLO09,6/17/2017,957.5852083
CLO09,6/18/2017,957.5882292
CLO09,6/19/2017,957.5658333
CLO09,6/20/2017,957.5546875
CLO09,6/21/2017,957.5392708
CLO09,6/22/2017,957.54125
CLO09,6/23/2017,957.5440625
CLO09,6/24/2017,957.5225
CLO09,6/25/2017,957.5041667
CLO09,6/26/2017,957.4875
CLO09,6/27/2017,957.4929167
CLO09,6/28/2017,957.5325
CLO09,6/29/2017,957.544375
CLO09,6/30/2017,957.5528125
CLO09,7/1/2017,957.5839583
CLO09,7/2/2017,957.5767708
CLO09,7/3/2017,957.5605208
CLO09,7/4/2017,957.5476042
CLO09,7/5/2017,957.5698958
CLO09,7/6/2017,957.5591667
CLO09,7/7/2017,957.5372917
CLO09,7/8/2017,957.5088542
CLO09,7/9/2017,957.4877083
CLO09,7/10/2017,957.4852083
CLO09,7/11/2017,957.4630208
CLO09,7/12/2017,957.4746875
CLO09,7/13/2017,957.4584375
CLO09,7/14/2017,957.4383333
CLO09,7/15/2017,957.4279167
CLO09,7/16/2017,957.415
CLO09,7/17/2017,957.4067708
CLO09,7/18/2017,957.5611458
CLO09,7/19/2017,957.5744792
CLO09,7/20/2017,957.56875
CLO09,7/21/2017,957.5569792
CLO09,7/22/2017,957.5465625
CLO09,7/23/2017,957.5260417
CLO09,7/24/2017,957.5032292
CLO09,7/25/2017,957.4767708
CLO09,7/26/2017,957.4853125
CLO09,7/27/2017,957.4726042
CLO09,7/28/2017,957.4558333
CLO09,7/29/2017,957.4369792
CLO09,7/30/2017,957.4142708
CLO09,7/31/2017,957.3961458
CLO09,8/1/2017,957.3811458
CLO09,8/2/2017,957.3846875
CLO09,8/3/2017,957.3940625
CLO09,8/4/2017,957.384375
CLO09,8/5/2017,957.3698958
CLO09,8/6/2017,957.3932292
CLO09,8/7/2017,957.5089583
CLO09,8/8/2017,957.5088542
CLO09,8/9/2017,957.5704124
CLO09,8/10/2017,957.8101042
CLO09,8/11/2017,957.8167708
CLO09,8/12/2017,957.7697917
CLO09,8/13/2017,957.7254167
CLO09,8/14/2017,957.8166667
CLO09,8/15/2017,957.8140625
CLO09,8/16/2017,957.8491667
CLO09,8/17/2017,958.65875
CLO09,8/18/2017,958.9660417
CLO09,8/19/2017,958.8434375
CLO09,8/20/2017,958.675
CLO09,8/21/2017,958.5427083
CLO09,8/22/2017,958.4056701
CLO09,8/23/2017,958.1883333
CLO09,8/24/2017,958.0283333
CLO09,8/25/2017,957.9153125
CLO09,8/26/2017,958.4372917
CLO09,8/27/2017,958.5313542
CLO09,8/28/2017,958.3347917
CLO09,8/29/2017,958.1717708
CLO09,8/30/2017,958.056875
CLO09,8/31/2017,957.9590625
CLO09,9/1/2017,957.8745833
CLO09,9/2/2017,957.8075
CLO09,9/3/2017,957.75625
CLO09,9/4/2017,957.72125
CLO09,9/5/2017,957.6944792
CLO09,9/6/2017,957.7066667
CLO09,9/7/2017,957.7279167
CLO09,9/8/2017,957.705625
CLO09,9/9/2017,957.6842708
CLO09,9/10/2017,957.6725
CLO09,9/11/2017,957.6603125
CLO09,9/12/2017,957.65375
CLO09,9/13/2017,957.6485417
CLO09,9/14/2017,957.6421875
CLO09,9/15/2017,957.6333333
CLO09,9/16/2017,957.6275
CLO09,9/17/2017,957.6141667
CLO09,9/18/2017,957.6141667
CLO09,9/19/2017,957.6201042
CLO09,9/20/2017,957.6257292
CLO09,9/21/2017,957.6163542
CLO09,9/22/2017,957.6121875
CLO09,9/23/2017,957.601875
CLO09,9/24/2017,957.5973958
CLO09,9/25/2017,957.6423958
CLO09,9/26/2017,957.6802083
CLO09,9/27/2017,957.6830208
CLO09,9/28/2017,957.6736458
CLO09,9/29/2017,957.6613542
CLO09,9/30/2017,957.6472917
CLO09,10/1/2017,957.6654167
CLO09,10/2/2017,957.7283333
CLO09,10/3/2017,958.0352083
CLO09,10/4/2017,958.1848958
CLO09,10/5/2017,958.1653125
CLO09,10/6/2017,958.1234375
CLO09,10/7/2017,958.1336458
CLO09,10/8/2017,958.1061458
CLO09,10/9/2017,958.04125
CLO09,10/10/2017,957.9786458
CLO09,10/11/2017,957.9266667
CLO09,10/12/2017,957.8913542
CLO09,10/13/2017,957.8679167
CLO09,10/14/2017,957.8585417
CLO09,10/15/2017,957.905
CLO09,10/16/2017,957.9147917
CLO09,10/17/2017,957.910625
CLO09,10/18/2017,957.9021875
CLO09,10/19/2017,957.8870833
CLO09,10/20/2017,957.8773958
CLO09,10/21/2017,957.8990625
CLO09,10/22/2017,957.9326042
CLO09,10/23/2017,957.9288542
CLO09,10/24/2017,957.9130208
CLO09,10/25/2017,957.8978125
CLO09,10/26/2017,957.8935417
CLO09,10/27/2017,957.911875
CLO09,10/28/2017,957.9301042
CLO09,10/29/2017,957.9313542
CLO09,10/30/2017,957.935
CLO09,5/15/2018,957.9285366
CLO09,5/16/2018,957.915625
CLO09,5/17/2018,957.8988542
CLO09,5/18/2018,957.8807292
CLO09,5/19/2018,957.8830208
CLO09,5/20/2018,957.8661458
CLO09,5/21/2018,957.850625
CLO09,5/22/2018,957.8442708
CLO09,5/23/2018,957.839375
CLO09,5/24/2018,957.84
CLO09,5/25/2018,957.8782292
CLO09,5/26/2018,957.881875
CLO09,5/27/2018,957.8704167
CLO09,5/28/2018,957.8698958
CLO09,5/29/2018,957.9204167
CLO09,5/30/2018,958.0058333
CLO09,5/31/2018,958.0227083
CLO09,6/1/2018,957.9995833
CLO09,6/2/2018,957.9710417
CLO09,6/3/2018,957.9483333
CLO09,6/4/2018,957.9145833
CLO09,6/5/2018,957.8930208
CLO09,6/6/2018,957.886875
CLO09,6/7/2018,957.8711458
CLO09,6/8/2018,957.8497917
CLO09,6/9/2018,957.8558333
CLO09,6/10/2018,957.8760417
CLO09,6/11/2018,957.8675
CLO09,6/12/2018,957.8692708
CLO09,6/13/2018,957.8558333
CLO09,6/14/2018,957.8371875
CLO09,6/15/2018,957.8213542
CLO09,6/16/2018,957.8403125
CLO09,6/17/2018,957.86625
CLO09,6/18/2018,958.0085417
CLO09,6/19/2018,958.1005208
CLO09,6/20/2018,958.1153125
CLO09,6/21/2018,958.0775
CLO09,6/22/2018,958.0367708
CLO09,6/23/2018,958.0004167
CLO09,6/24/2018,957.9697917
CLO09,6/25/2018,957.9466667
CLO09,6/26/2018,958.1789583
CLO09,6/27/2018,958.25875
CLO09,6/28/2018,958.1780208
CLO09,6/29/2018,958.0835417
CLO09,6/30/2018,958.0047917
CLO09,7/1/2018,958.3855208
CLO09,7/2/2018,958.9751042
CLO09,7/3/2018,958.7707292
CLO09,7/4/2018,958.5328125
CLO09,7/5/2018,958.3609375
CLO09,7/6/2018,958.2253125
CLO09,7/7/2018,958.1286458
CLO09,7/8/2018,958.0515625
CLO09,7/9/2018,957.9936458
CLO09,7/10/2018,957.9470833
CLO09,7/11/2018,957.91375
CLO09,7/12/2018,957.8957292
CLO09,7/13/2018,957.9269792
CLO09,7/14/2018,957.9169792
CLO09,7/15/2018,957.8959375
CLO09,7/16/2018,957.8645833
CLO09,7/17/2018,957.83375
CLO09,7/18/2018,957.8071875
CLO09,7/19/2018,957.7959375
CLO09,7/20/2018,957.8020833
CLO09,7/21/2018,957.8092708
CLO09,7/22/2018,957.7926042
CLO09,7/23/2018,957.7779167
CLO09,7/24/2018,957.761875
CLO09,7/25/2018,957.7585417
CLO09,7/26/2018,957.7702083
CLO09,7/27/2018,957.7564583
CLO09,7/28/2018,957.743125
CLO09,7/29/2018,957.741875
CLO09,7/30/2018,957.7684375
CLO09,7/31/2018,957.7675
CLO09,8/1/2018,957.769375
CLO09,8/2/2018,957.7632292
CLO09,8/3/2018,957.7711458
CLO09,8/4/2018,957.87125
CLO09,8/5/2018,957.8736458
CLO09,8/6/2018,957.8591667
CLO09,8/7/2018,957.8452083
CLO09,8/8/2018,957.830625
CLO09,8/9/2018,957.813125
CLO09,8/10/2018,957.7926042
CLO09,8/11/2018,957.7763542
CLO09,8/12/2018,957.763125
CLO09,8/13/2018,957.758125
CLO09,8/14/2018,957.756875
CLO09,8/15/2018,957.7453125
CLO09,8/16/2018,957.7304167
CLO09,8/17/2018,957.7178125
CLO09,8/18/2018,957.7080208
CLO09,8/19/2018,957.6994792
CLO09,8/20/2018,957.6928125
CLO09,8/21/2018,957.6807292
CLO09,8/22/2018,957.6644792
CLO09,8/23/2018,957.6521875
CLO09,8/24/2018,957.7375
CLO09,8/25/2018,957.81
CLO09,8/26/2018,957.801875
CLO09,8/27/2018,957.7975
CLO09,8/28/2018,957.8075
CLO09,8/29/2018,957.805625
CLO09,8/30/2018,957.7927083
CLO09,8/31/2018,957.7905208
CLO09,9/1/2018,957.7816667
CLO09,9/2/2018,957.7735417
CLO09,9/3/2018,957.7617708
CLO09,9/4/2018,957.7751042
CLO09,9/5/2018,957.8145833
CLO09,9/6/2018,957.7980208
CLO09,9/7/2018,957.7829167
CLO09,9/8/2018,957.7652083
CLO09,9/9/2018,957.748125
CLO09,9/10/2018,957.7296907
CLO09,9/11/2018,957.711875
CLO09,9/12/2018,957.7009375
CLO09,9/13/2018,957.6867708
CLO09,9/14/2018,957.6796875
CLO09,9/15/2018,957.6716667
CLO09,9/16/2018,957.6638542
CLO09,9/17/2018,957.6646875
CLO09,9/18/2018,957.800625
CLO09,9/19/2018,957.840625
CLO09,9/20/2018,957.9313542
CLO09,9/21/2018,958.2940625
CLO09,9/22/2018,958.3184375
CLO09,9/23/2018,958.2527083
CLO09,9/24/2018,958.1731579
CLO09,9/25/2018,958.1242708
CLO09,9/26/2018,958.0717708
CLO09,9/27/2018,958.0259375
CLO09,9/28/2018,957.9857292
CLO09,9/29/2018,957.949375
CLO09,9/30/2018,957.9239583
CLO09,10/1/2018,957.9152083
CLO09,10/2/2018,957.9130208
CLO09,10/3/2018,957.91875
CLO09,10/4/2018,957.9355208
CLO09,10/5/2018,957.9639583
CLO09,10/6/2018,957.9783333
CLO09,10/7/2018,957.983125
CLO09,10/8/2018,958.0082292
CLO09,10/9/2018,958.0883333
CLO09,10/10/2018,958.2889583
CLO09,10/11/2018,958.3525
CLO09,10/12/2018,958.3144792
CLO09,10/13/2018,958.253125
CLO09,10/14/2018,958.1925
CLO09,10/15/2018,958.1380208
CLO09,10/16/2018,958.1038542
CLO09,10/17/2018,958.0791667
CLO09,10/18/2018,958.0652083
CLO09,10/19/2018,958.0601042
CLO09,10/20/2018,958.0794792
CLO09,10/21/2018,958.1038542
CLO09,10/22/2018,958.1315625
CLO09,10/23/2018,958.1491667
CLO08,4/5/2017,957.6505455
CLO08,4/6/2017,957.6323958
CLO08,4/7/2017,957.6144792
CLO08,4/8/2017,957.6101042
CLO08,4/9/2017,957.6220833
CLO08,4/10/2017,957.6328125
CLO08,4/11/2017,957.7319792
CLO08,4/12/2017,957.6897917
CLO08,4/13/2017,957.6897917
CLO08,4/14/2017,957.6663542
CLO08,4/15/2017,957.7870833
CLO08,4/16/2017,957.7491667
CLO08,4/17/2017,957.6725
CLO08,4/18/2017,957.6821875
CLO08,4/19/2017,957.7453125
CLO08,4/20/2017,957.9115625
CLO08,4/21/2017,957.8030208
CLO08,4/22/2017,957.7697917
CLO08,4/23/2017,957.7414583
CLO08,4/24/2017,957.7039583
CLO08,4/25/2017,957.69375
CLO08,4/26/2017,957.8827083
CLO08,4/27/2017,957.8092708
CLO08,4/28/2017,957.751875
CLO08,4/29/2017,957.7241667
CLO08,4/30/2017,957.7059375
CLO08,5/1/2017,958.0785417
CLO08,5/2/2017,957.9824742
CLO08,5/3/2017,957.9438542
CLO08,5/4/2017,957.9096875
CLO08,5/5/2017,957.8605208
CLO08,5/6/2017,957.8102083
CLO08,5/7/2017,957.765625
CLO08,5/8/2017,957.7283333
CLO08,5/9/2017,957.7277083
CLO08,5/10/2017,957.6789583
CLO08,5/11/2017,957.6397917
CLO08,5/12/2017,957.6025
CLO08,5/13/2017,957.5836458
CLO08,5/14/2017,957.5626042
CLO08,5/15/2017,957.6116667
CLO08,5/16/2017,957.7144792
CLO08,5/17/2017,957.9884375
CLO08,5/18/2017,958.2372917
CLO08,5/19/2017,958.0883333
CLO08,5/20/2017,958.3788542
CLO08,5/21/2017,958.4458333
CLO08,5/22/2017,958.3257292
CLO08,5/23/2017,958.2673958
CLO08,5/24/2017,958.198125
CLO08,5/25/2017,958.11625
CLO08,5/26/2017,958.0508333
CLO08,5/27/2017,957.9614583
CLO08,5/28/2017,957.8941667
CLO08,5/29/2017,957.831875
CLO08,5/30/2017,957.7841667
CLO08,5/31/2017,957.7521875
CLO08,6/1/2017,957.7170833
CLO08,6/2/2017,957.6746875
CLO08,6/3/2017,957.6389583
CLO08,6/4/2017,957.6014583
CLO08,6/5/2017,957.5613542
CLO08,6/6/2017,957.5372917
CLO08,6/7/2017,957.4967708
CLO08,6/8/2017,957.4760417
CLO08,6/9/2017,957.4634375
CLO08,6/10/2017,957.4533333
CLO08,6/11/2017,957.5435417
CLO08,6/12/2017,957.5329167
CLO08,6/13/2017,957.5313542
CLO08,6/14/2017,957.5873958
CLO08,6/15/2017,957.5548958
CLO08,6/16/2017,957.5184375
CLO08,6/17/2017,957.4936458
CLO08,6/18/2017,957.4683333
CLO08,6/19/2017,957.42625
CLO08,6/20/2017,957.4160417
CLO08,6/21/2017,957.3753125
CLO08,6/22/2017,957.3883333
CLO08,6/23/2017,957.3811458
CLO08,6/24/2017,957.3509375
CLO08,6/25/2017,957.3429167
CLO08,6/26/2017,957.3314583
CLO08,6/27/2017,957.3014583
CLO08,6/28/2017,957.3328125
CLO08,6/29/2017,957.3113542
CLO08,6/30/2017,957.3138542
CLO08,7/1/2017,957.345
CLO08,7/2/2017,957.2959375
CLO08,7/3/2017,957.2789583
CLO08,7/4/2017,957.2791667
CLO08,7/5/2017,957.3172917
CLO08,7/6/2017,957.2802083
CLO08,7/7/2017,957.2569792
CLO08,7/8/2017,957.2375
CLO08,7/9/2017,957.218125
CLO08,7/10/2017,957.2022917
CLO08,7/11/2017,957.1764583
CLO08,7/12/2017,957.1919792
CLO08,7/13/2017,957.1657292
CLO08,7/14/2017,957.1559375
CLO08,7/15/2017,957.1465625
CLO08,7/16/2017,957.1290625
CLO08,7/17/2017,957.140625
CLO08,7/18/2017,957.2916667
CLO08,7/19/2017,957.2380208
CLO08,7/20/2017,957.1970833
CLO08,7/21/2017,957.1840625
CLO08,7/22/2017,957.1760417
CLO08,7/23/2017,957.1559375
CLO08,7/24/2017,957.1373958
CLO08,7/25/2017,957.1315464
CLO08,7/26/2017,957.1520833
CLO08,7/27/2017,957.1269792
CLO08,7/28/2017,957.1045833
CLO08,7/29/2017,957.0847917
CLO08,7/30/2017,957.063125
CLO08,7/31/2017,957.043125
CLO08,8/1/2017,957.0155208
CLO08,8/2/2017,957.0275
CLO08,8/3/2017,957.0479167
CLO08,8/4/2017,957.0426042
CLO08,8/5/2017,957.0291667
CLO08,8/6/2017,957.1060417
CLO08,8/7/2017,957.2933333
CLO08,8/8/2017,957.2040625
CLO08,8/9/2017,957.2838542
CLO08,8/10/2017,957.5697917
CLO08,8/11/2017,957.3940625
CLO08,8/12/2017,957.286875
CLO08,8/13/2017,957.2429167
CLO08,8/14/2017,957.4688542
CLO08,8/15/2017,957.375625
CLO08,8/16/2017,957.5013542
CLO08,8/17/2017,958
CLO08,8/18/2017,957.7160417
CLO08,8/19/2017,957.6692708
CLO08,8/20/2017,957.6219792
CLO08,8/21/2017,957.5772917
CLO08,8/22/2017,957.5357292
CLO08,8/23/2017,957.4434375
CLO08,8/24/2017,957.3969792
CLO08,8/25/2017,957.3859375
CLO08,8/26/2017,958.1619792
CLO08,8/27/2017,957.8339583
CLO08,8/28/2017,957.75375
CLO08,8/29/2017,957.7263542
CLO08,8/30/2017,957.6958333
CLO08,8/31/2017,957.6558333
CLO08,9/1/2017,957.6270833
CLO08,9/2/2017,957.6094792
CLO08,9/3/2017,957.5754167
CLO08,9/4/2017,957.5739583
CLO08,9/5/2017,957.5602083
CLO08,9/6/2017,957.4740625
CLO08,9/7/2017,957.4348958
CLO08,9/8/2017,957.4123958
CLO08,9/9/2017,957.3867708
CLO08,9/10/2017,957.3709375
CLO08,9/11/2017,957.3584375
CLO08,9/12/2017,957.3561458
CLO08,9/13/2017,957.3466667
CLO08,9/14/2017,957.341875
CLO08,9/15/2017,957.3509375
CLO08,9/16/2017,957.3941667
CLO08,9/17/2017,957.4007292
CLO08,9/18/2017,957.4248958
CLO08,9/19/2017,957.4478125
CLO08,9/20/2017,957.4576042
CLO08,9/21/2017,957.429375
CLO08,9/22/2017,957.4179167
CLO08,9/23/2017,957.3755208
CLO08,9/24/2017,957.4307292
CLO08,9/25/2017,957.5628125
CLO08,9/26/2017,957.5933333
CLO08,9/27/2017,957.5104167
CLO08,9/28/2017,957.4434375
CLO08,9/29/2017,957.4277083
CLO08,9/30/2017,957.4563542
CLO08,10/1/2017,957.5803125
CLO08,10/2/2017,957.6135417
CLO08,10/3/2017,958.04375
CLO08,10/4/2017,957.8042708
CLO08,10/5/2017,957.745
CLO08,10/6/2017,957.768125
CLO08,10/7/2017,957.8285417
CLO08,10/8/2017,957.7370833
CLO08,10/9/2017,957.6711458
CLO08,10/10/2017,957.6469792
CLO08,10/11/2017,957.6426042
CLO08,10/12/2017,957.6459375
CLO08,10/13/2017,957.6233333
CLO08,10/14/2017,957.6086458
CLO08,10/15/2017,957.7261458
CLO08,10/16/2017,957.653125
CLO08,10/17/2017,957.6016667
CLO08,10/18/2017,957.5869792
CLO08,10/19/2017,957.5682292
CLO08,10/20/2017,957.5566667
CLO08,10/21/2017,957.614375
CLO08,10/22/2017,957.63625
CLO08,10/23/2017,957.5753125
CLO08,10/24/2017,957.5523958
CLO08,10/25/2017,957.5371875
CLO08,10/26/2017,957.5270833
CLO08,10/27/2017,957.5767708
CLO08,10/28/2017,957.6244792
CLO08,10/29/2017,957.575625
CLO08,10/30/2017,957.5682222
CLO08,5/2/2018,957.892766
CLO08,5/3/2018,957.8536458
CLO08,5/4/2018,957.8084375
CLO08,5/5/2018,957.7682292
CLO08,5/6/2018,957.7513542
CLO08,5/7/2018,957.7038542
CLO08,5/8/2018,957.6796875
CLO08,5/9/2018,957.6975
CLO08,5/10/2018,957.6557292
CLO08,5/11/2018,957.6297917
CLO08,5/12/2018,957.63
CLO08,5/13/2018,957.6284375
CLO08,5/14/2018,957.6208333
CLO08,5/15/2018,957.6311458
CLO08,5/16/2018,957.5880208
CLO08,5/17/2018,957.5497917
CLO08,5/18/2018,957.5192708
CLO08,5/19/2018,957.5261458
CLO08,5/20/2018,957.4869792
CLO08,5/21/2018,957.47
CLO08,5/22/2018,957.4778125
CLO08,5/23/2018,957.4705208
CLO08,5/24/2018,957.4727083
CLO08,5/25/2018,957.5665625
CLO08,5/26/2018,957.5064583
CLO08,5/27/2018,957.4842708
CLO08,5/28/2018,957.4898958
CLO08,5/29/2018,957.54
CLO08,5/30/2018,957.6510417
CLO08,5/31/2018,957.5270833
CLO08,6/1/2018,957.5346875
CLO08,6/2/2018,957.4976042
CLO08,6/3/2018,957.4307292
CLO08,6/4/2018,957.3967368
CLO08,6/5/2018,957.3842708
CLO08,6/6/2018,957.3795833
CLO08,6/7/2018,957.3261458
CLO08,6/8/2018,957.3094792
CLO08,6/9/2018,957.3623958
CLO08,6/10/2018,957.3544792
CLO08,6/11/2018,957.3119792
CLO08,6/12/2018,957.3171875
CLO08,6/13/2018,957.3063542
CLO08,6/14/2018,957.3147917
CLO08,6/15/2018,957.3079167
CLO08,6/16/2018,957.3475
CLO08,6/17/2018,957.3441667
CLO08,6/18/2018,957.560625
CLO08,6/19/2018,957.5651042
CLO08,6/20/2018,957.519375
CLO08,6/21/2018,957.5016667
CLO08,6/22/2018,957.5303125
CLO08,6/23/2018,957.5408333
CLO08,6/24/2018,957.4963542
CLO08,6/25/2018,957.4185417
CLO08,6/26/2018,957.8534375
CLO08,6/27/2018,957.6371875
CLO08,6/28/2018,957.5745833
CLO08,6/29/2018,957.5775
CLO08,6/30/2018,957.6070833
CLO08,7/1/2018,958.1904167
CLO08,7/2/2018,958.0915625
CLO08,7/3/2018,958.0763542
CLO08,7/4/2018,958.08
CLO08,7/5/2018,958.0594792
CLO08,7/6/2018,958.0652083
CLO08,7/7/2018,957.9501042
CLO08,7/8/2018,957.8344792
CLO08,7/9/2018,957.7191667
CLO08,7/10/2018,957.634375
CLO08,7/11/2018,957.5661458
CLO08,7/12/2018,957.5561458
CLO08,7/13/2018,957.5664583
CLO08,7/14/2018,957.471875
CLO08,7/15/2018,957.4719792
CLO08,7/16/2018,957.4880208
CLO08,7/17/2018,957.4503125
CLO08,7/18/2018,957.4115625
CLO08,7/19/2018,957.3920833
CLO08,7/20/2018,957.3736458
CLO08,7/21/2018,957.3582292
CLO08,7/22/2018,957.3054167
CLO08,7/23/2018,957.2944792
CLO08,7/24/2018,957.2829167
CLO08,7/25/2018,957.2790625
CLO08,7/26/2018,957.2833333
CLO08,7/27/2018,957.2528125
CLO08,7/28/2018,957.2307292
CLO08,7/29/2018,957.2342708
CLO08,7/30/2018,957.2603125
CLO08,7/31/2018,957.2344792
CLO08,8/1/2018,957.2284375
CLO08,8/2/2018,957.2216667
CLO08,8/3/2018,957.2369792
CLO08,8/4/2018,957.3879167
CLO08,8/5/2018,957.3046875
CLO08,8/6/2018,957.2677083
CLO08,8/7/2018,957.25
CLO08,8/8/2018,957.24375
CLO08,8/9/2018,957.2240625
CLO08,8/10/2018,957.2027083
CLO08,8/11/2018,957.1820833
CLO08,8/12/2018,957.1779167
CLO08,8/13/2018,957.1722917
CLO08,8/14/2018,957.1684375
CLO08,8/15/2018,957.154375
CLO08,8/16/2018,957.1375
CLO08,8/17/2018,957.1247917
CLO08,8/18/2018,957.1172917
CLO08,8/19/2018,957.1098958
CLO08,8/20/2018,957.1076042
CLO08,8/21/2018,957.099375
CLO08,8/22/2018,957.0877083
CLO08,8/23/2018,957.0826042
CLO08,8/24/2018,957.2770833
CLO08,8/25/2018,957.3227083
CLO08,8/26/2018,957.243125
CLO08,8/27/2018,957.2190625
CLO08,8/28/2018,957.2390625
CLO08,8/29/2018,957.2282292
CLO08,8/30/2018,957.2054167
CLO08,8/31/2018,957.2066667
CLO08,9/1/2018,957.1985417
CLO08,9/2/2018,957.1939583
CLO08,9/3/2018,957.188125
CLO08,9/4/2018,957.2263542
CLO08,9/5/2018,957.2747917
CLO08,9/6/2018,957.2345833
CLO08,9/7/2018,957.2020833
CLO08,9/8/2018,957.1870833
CLO08,9/9/2018,957.1735417
CLO08,9/10/2018,957.1619792
CLO08,9/11/2018,957.1601042
CLO08,9/12/2018,957.1580208
CLO08,9/13/2018,957.1545833
CLO08,9/14/2018,957.1488542
CLO08,9/15/2018,957.1448958
CLO08,9/16/2018,957.1396875
CLO08,9/17/2018,957.1675
CLO08,9/18/2018,957.4238542
CLO08,9/19/2018,957.3673958
CLO08,9/20/2018,957.5666667
CLO08,9/21/2018,957.9204167
CLO08,9/22/2018,957.8265625
CLO08,9/23/2018,957.8505208
CLO08,9/24/2018,957.8076042
CLO08,9/25/2018,957.8088542
CLO08,9/26/2018,957.7379167
CLO08,9/27/2018,957.6810417
CLO08,9/28/2018,957.6470833
CLO08,9/29/2018,957.6139583
CLO08,9/30/2018,957.58
CLO08,10/1/2018,957.5705208
CLO08,10/2/2018,957.5754167
CLO08,10/3/2018,957.5675
CLO08,10/4/2018,957.5927083
CLO08,10/5/2018,957.5782292
CLO08,10/6/2018,957.5604167
CLO08,10/7/2018,957.5246875
CLO08,10/8/2018,957.5541667
CLO08,10/9/2018,957.6908333
CLO08,10/10/2018,958.0364444
